"Time","{codecId=""CIT01_122_level-asymmetry-allowed=1;packetization-mode=1;profile-level-id=4d001f"", decoderImplementation=""FFmpeg"", id=""IT01V3053079016"", job=""webrtc-internals-exporter"", kind=""video"", mediaType=""video"", mid=""2"", pageUrl=""https://192.168.14.161:30064/?type=webrtc_360"", peerConnectionId=""15327aa5-d7a8-4d68-8ae4-c172302b93c3"", powerEfficientDecoder=""false"", trackIdentifier=""6fb140d7-3b9f-4d13-8735-f39ba4d51831"", transportId=""T01"", type=""inbound-rtp""}","{__name__=""inbound_rtp_packetsLost"", codecId=""CIT01_122_level-asymmetry-allowed=1;packetization-mode=1;profile-level-id=4d001f"", decoderImplementation=""FFmpeg"", id=""IT01V3053079016"", job=""webrtc-internals-exporter"", kind=""video"", mediaType=""video"", mid=""2"", pageUrl=""https://192.168.14.161:30064/?type=webrtc_360"", peerConnectionId=""15327aa5-d7a8-4d68-8ae4-c172302b93c3"", powerEfficientDecoder=""false"", trackIdentifier=""6fb140d7-3b9f-4d13-8735-f39ba4d51831"", transportId=""T01"", type=""inbound-rtp""}","{__name__=""inbound_rtp_packetsLost"", id=""IT01V3053079016"", job=""webrtc-internals-exporter"", kind=""video"", mediaType=""video"", mid=""2"", pageUrl=""https://192.168.14.161:30064/?type=webrtc_360"", peerConnectionId=""15327aa5-d7a8-4d68-8ae4-c172302b93c3"", trackIdentifier=""6fb140d7-3b9f-4d13-8735-f39ba4d51831"", transportId=""T01"", type=""inbound-rtp""}","{__name__=""inbound_rtp_jitter"", codecId=""CIT01_122_level-asymmetry-allowed=1;packetization-mode=1;profile-level-id=4d001f"", decoderImplementation=""FFmpeg"", id=""IT01V3053079016"", job=""webrtc-internals-exporter"", kind=""video"", mediaType=""video"", mid=""2"", pageUrl=""https://192.168.14.161:30064/?type=webrtc_360"", peerConnectionId=""15327aa5-d7a8-4d68-8ae4-c172302b93c3"", powerEfficientDecoder=""false"", trackIdentifier=""6fb140d7-3b9f-4d13-8735-f39ba4d51831"", transportId=""T01"", type=""inbound-rtp""}","{__name__=""inbound_rtp_jitter"", id=""IT01V3053079016"", job=""webrtc-internals-exporter"", kind=""video"", mediaType=""video"", mid=""2"", pageUrl=""https://192.168.14.161:30064/?type=webrtc_360"", peerConnectionId=""15327aa5-d7a8-4d68-8ae4-c172302b93c3"", trackIdentifier=""6fb140d7-3b9f-4d13-8735-f39ba4d51831"", transportId=""T01"", type=""inbound-rtp""}","{codecId=""CIT01_122_level-asymmetry-allowed=1;packetization-mode=1;profile-level-id=4d001f"", decoderImplementation=""FFmpeg"", id=""IT01V3053079016"", job=""webrtc-internals-exporter"", kind=""video"", mediaType=""video"", mid=""2"", pageUrl=""https://192.168.14.161:30064/?type=webrtc_360"", peerConnectionId=""15327aa5-d7a8-4d68-8ae4-c172302b93c3"", powerEfficientDecoder=""false"", trackIdentifier=""6fb140d7-3b9f-4d13-8735-f39ba4d51831"", transportId=""T01"", type=""inbound-rtp""}","{id=""IT01V3053079016"", job=""webrtc-internals-exporter"", kind=""video"", mediaType=""video"", mid=""2"", pageUrl=""https://192.168.14.161:30064/?type=webrtc_360"", peerConnectionId=""15327aa5-d7a8-4d68-8ae4-c172302b93c3"", trackIdentifier=""6fb140d7-3b9f-4d13-8735-f39ba4d51831"", transportId=""T01"", type=""inbound-rtp""}","{__name__=""inbound_rtp_framesDecoded"", codecId=""CIT01_122_level-asymmetry-allowed=1;packetization-mode=1;profile-level-id=4d001f"", decoderImplementation=""FFmpeg"", id=""IT01V3053079016"", job=""webrtc-internals-exporter"", kind=""video"", mediaType=""video"", mid=""2"", pageUrl=""https://192.168.14.161:30064/?type=webrtc_360"", peerConnectionId=""15327aa5-d7a8-4d68-8ae4-c172302b93c3"", powerEfficientDecoder=""false"", trackIdentifier=""6fb140d7-3b9f-4d13-8735-f39ba4d51831"", transportId=""T01"", type=""inbound-rtp""}","{__name__=""inbound_rtp_framesDecoded"", id=""IT01V3053079016"", job=""webrtc-internals-exporter"", kind=""video"", mediaType=""video"", mid=""2"", pageUrl=""https://192.168.14.161:30064/?type=webrtc_360"", peerConnectionId=""15327aa5-d7a8-4d68-8ae4-c172302b93c3"", trackIdentifier=""6fb140d7-3b9f-4d13-8735-f39ba4d51831"", transportId=""T01"", type=""inbound-rtp""}","{__name__=""inbound_rtp_frameHeight"", codecId=""CIT01_122_level-asymmetry-allowed=1;packetization-mode=1;profile-level-id=4d001f"", decoderImplementation=""FFmpeg"", id=""IT01V3053079016"", job=""webrtc-internals-exporter"", kind=""video"", mediaType=""video"", mid=""2"", pageUrl=""https://192.168.14.161:30064/?type=webrtc_360"", peerConnectionId=""15327aa5-d7a8-4d68-8ae4-c172302b93c3"", powerEfficientDecoder=""false"", trackIdentifier=""6fb140d7-3b9f-4d13-8735-f39ba4d51831"", transportId=""T01"", type=""inbound-rtp""}","{__name__=""inbound_rtp_frameWidth"", codecId=""CIT01_122_level-asymmetry-allowed=1;packetization-mode=1;profile-level-id=4d001f"", decoderImplementation=""FFmpeg"", id=""IT01V3053079016"", job=""webrtc-internals-exporter"", kind=""video"", mediaType=""video"", mid=""2"", pageUrl=""https://192.168.14.161:30064/?type=webrtc_360"", peerConnectionId=""15327aa5-d7a8-4d68-8ae4-c172302b93c3"", powerEfficientDecoder=""false"", trackIdentifier=""6fb140d7-3b9f-4d13-8735-f39ba4d51831"", transportId=""T01"", type=""inbound-rtp""}","{__name__=""inbound_rtp_framesPerSecond"", codecId=""CIT01_122_level-asymmetry-allowed=1;packetization-mode=1;profile-level-id=4d001f"", decoderImplementation=""FFmpeg"", id=""IT01V3053079016"", job=""webrtc-internals-exporter"", kind=""video"", mediaType=""video"", mid=""2"", pageUrl=""https://192.168.14.161:30064/?type=webrtc_360"", peerConnectionId=""15327aa5-d7a8-4d68-8ae4-c172302b93c3"", powerEfficientDecoder=""false"", trackIdentifier=""6fb140d7-3b9f-4d13-8735-f39ba4d51831"", transportId=""T01"", type=""inbound-rtp""}","{__name__=""inbound_rtp_totalFreezesDuration"", codecId=""CIT01_122_level-asymmetry-allowed=1;packetization-mode=1;profile-level-id=4d001f"", decoderImplementation=""FFmpeg"", id=""IT01V3053079016"", job=""webrtc-internals-exporter"", kind=""video"", mediaType=""video"", mid=""2"", pageUrl=""https://192.168.14.161:30064/?type=webrtc_360"", peerConnectionId=""15327aa5-d7a8-4d68-8ae4-c172302b93c3"", powerEfficientDecoder=""false"", trackIdentifier=""6fb140d7-3b9f-4d13-8735-f39ba4d51831"", transportId=""T01"", type=""inbound-rtp""}","{__name__=""inbound_rtp_totalFreezesDuration"", id=""IT01V3053079016"", job=""webrtc-internals-exporter"", kind=""video"", mediaType=""video"", mid=""2"", pageUrl=""https://192.168.14.161:30064/?type=webrtc_360"", peerConnectionId=""15327aa5-d7a8-4d68-8ae4-c172302b93c3"", trackIdentifier=""6fb140d7-3b9f-4d13-8735-f39ba4d51831"", transportId=""T01"", type=""inbound-rtp""}","{codecId=""CIT01_122_level-asymmetry-allowed=1;packetization-mode=1;profile-level-id=4d001f"", decoderImplementation=""FFmpeg"", id=""IT01V3053079016"", job=""webrtc-internals-exporter"", kind=""video"", mediaType=""video"", mid=""2"", pageUrl=""https://192.168.14.161:30064/?type=webrtc_360"", peerConnectionId=""15327aa5-d7a8-4d68-8ae4-c172302b93c3"", powerEfficientDecoder=""false"", trackIdentifier=""6fb140d7-3b9f-4d13-8735-f39ba4d51831"", transportId=""T01"", type=""inbound-rtp""}"
2025-09-11 13:42:57,,,0,,0,,NaN,,0,,,,,0,
2025-09-11 13:42:58,,0,,0.00400,,0.0421,,1,,2160,3840,,0,,
2025-09-11 13:42:59,16174075,0,,0.0190,,0.196,,5,,2160,3840,4,0,,1726
2025-09-11 13:43:00,24728301,0,,0.0420,,0.226,,19,,2160,3840,14,0,,2639
2025-09-11 13:43:01,33213219,0,,0.0410,,0.225,,50,,2160,3840,31,0,,3544
2025-09-11 13:43:02,35158000,0,,0.0360,,0.224,,88,,2160,3840,38,0,,3753
2025-09-11 13:43:03,33642757,0,,0.0310,,0.198,,120,,2160,3840,31,0,,3592
2025-09-11 13:43:04,30817147,0,,0.0290,,0.170,,143,,2160,3840,23,0,,3291
2025-09-11 13:43:05,27957077,0,,0.0290,,0.149,,168,,2160,3840,25,0,,2985
2025-09-11 13:43:06,27259128,0,,0.0270,,0.135,,191,,2160,3840,23,0,,2910
2025-09-11 13:43:07,28226568,0,,0.0250,,0.122,,216,,2160,3840,25,0,,3013
2025-09-11 13:43:08,27154413,0,,0.0260,,0.114,,236,,2160,3840,20,0,,2898
2025-09-11 13:43:09,28223643,0,,0.0250,,0.106,,261,,2160,3840,25,0,,3012
2025-09-11 13:43:10,27766435,0,,0.0260,,0.104,,283,,2160,3840,22,0,,2962
2025-09-11 13:43:11,29184107,0,,0.0260,,0.103,,308,,2160,3840,25,0,,3114
2025-09-11 13:43:12,28673419,0,,0.0340,,0.0992,,333,,2160,3840,25,0,,3060
2025-09-11 13:43:13,28830832,0,,0.0350,,0.0952,,358,,2160,3840,25,0,,3079
2025-09-11 13:43:14,28634077,0,,0.0330,,0.0922,,382,,2160,3840,24,0,,3057
2025-09-11 13:43:15,29027499,0,,0.0310,,0.0888,,406,,2160,3840,24,0,,3099
2025-09-11 13:43:16,28779291,0,,0.0290,,0.0858,,430,,2160,3840,24,0,,3071
2025-09-11 13:43:17,28921669,0,,0.0350,,0.0835,,454,,2160,3840,24,0,,3090
2025-09-11 13:43:18,28971147,0,,0.0340,,0.0869,,475,,2160,3840,21,0.252,,3095
2025-09-11 13:43:19,28835373,0,,0.0320,,0.0939,,500,,2160,3840,25,0.252,,3081
2025-09-11 13:43:20,28389107,0,,0.0310,,0.0988,,524,,2160,3840,24,0.252,,3029
2025-09-11 13:43:21,27808853,0,,0.0290,,0.102,,549,,2160,3840,25,0.252,,2967
2025-09-11 13:43:22,28074576,0,,0.0340,,0.104,,574,,2160,3840,25,0.252,,2995
2025-09-11 13:43:23,28732949,0,,0.0350,,0.104,,599,,2160,3840,25,0.252,,3065
2025-09-11 13:43:24,28800752,0,,0.0330,,0.104,,623,,2160,3840,24,0.252,,3074
2025-09-11 13:43:25,28752259,0,,0.0310,,0.103,,648,,2160,3840,25,0.252,,3069
2025-09-11 13:43:26,28322917,0,,0.0290,,0.102,,672,,2160,3840,24,0.252,,3023
2025-09-11 13:43:27,28749787,0,,0.0350,,0.100,,693,,2160,3840,21,0.459,,3069
2025-09-11 13:43:28,29132043,0,,0.0350,,0.104,,718,,2160,3840,25,0.459,,3110
2025-09-11 13:43:29,28860491,0,,0.0330,,0.107,,743,,2160,3840,25,0.459,,3082
2025-09-11 13:43:30,28719083,0,,0.0310,,0.109,,769,,2160,3840,26,0.459,,3066
2025-09-11 13:43:31,28165475,0,,0.0280,,0.111,,793,,2160,3840,24,0.459,,3005
2025-09-11 13:43:32,28471221,0,,0.0270,,0.111,,819,,2160,3840,26,0.459,,3037
2025-09-11 13:43:33,28185253,0,,0.0270,,0.112,,844,,2160,3840,25,0.459,,3006
2025-09-11 13:43:34,28202224,0,,0.0260,,0.112,,869,,2160,3840,25,0.459,,3009
2025-09-11 13:43:35,28350160,0,,0.0260,,0.111,,895,,2160,3840,26,0.459,,3026
2025-09-11 13:43:36,28262629,0,,0.0260,,0.111,,919,,2160,3840,24,0.459,,3018
2025-09-11 13:43:37,28156357,0,,0.0270,,0.110,,943,,2160,3840,24,0.459,,3006
2025-09-11 13:43:38,27530320,0,,0.0280,,0.110,,964,,2160,3840,21,0.459,,2940
2025-09-11 13:43:39,27475299,0,,0.0350,,0.112,,987,,2160,3840,23,0.459,,2934
2025-09-11 13:43:40,28359461,0,,0.0350,,0.114,,1013,,2160,3840,26,0.459,,3027
2025-09-11 13:43:41,28731416,0,,0.0330,,0.116,,1036,,2160,3840,23,0.459,,3065
2025-09-11 13:43:42,29135888,0,,0.0300,,0.117,,1061,,2160,3840,25,0.459,,3108
2025-09-11 13:43:43,28595243,0,,0.0310,,0.118,,1086,,2160,3840,25,0.459,,3051
2025-09-11 13:43:44,28662032,0,,0.0290,,0.119,,1110,,2160,3840,24,0.459,,3058
2025-09-11 13:43:45,28647523,0,,0.0270,,0.119,,1135,,2160,3840,25,0.459,,3058
2025-09-11 13:43:46,28376000,0,,0.0280,,0.120,,1159,,2160,3840,24,0.459,,3028
2025-09-11 13:43:47,28420099,0,,0.0280,,0.120,,1183,,2160,3840,24,0.459,,3034
2025-09-11 13:43:48,28311861,0,,0.0280,,0.120,,1207,,2160,3840,24,0.459,,3022
2025-09-11 13:43:49,28584685,0,,0.0360,,0.120,,1231,,2160,3840,24,0.459,,3051
2025-09-11 13:43:50,28470432,0,,0.0340,,0.119,,1255,,2160,3840,24,0.459,,3039
2025-09-11 13:43:51,28203093,0,,0.0330,,0.119,,1278,,2160,3840,23,0.459,,3010
2025-09-11 13:43:52,28125693,0,,0.0310,,0.119,,1300,,2160,3840,22,0.459,,3002
2025-09-11 13:43:53,28238917,0,,0.0300,,0.121,,1324,,2160,3840,24,0.459,,3026
2025-09-11 13:43:54,28520107,0,,0.0360,,0.122,,1348,,2160,3840,24,0.459,,3056
2025-09-11 13:43:55,28953819,0,,0.0360,,0.123,,1373,,2160,3840,25,0.459,,3102
2025-09-11 13:43:56,28880707,0,,0.0330,,0.125,,1397,,2160,3840,24,0.459,,3083
2025-09-11 13:43:57,29725952,0,,0.0310,,0.126,,1424,,2160,3840,27,0.459,,3173
2025-09-11 13:43:58,29226160,0,,0.0310,,0.126,,1449,,2160,3840,25,0.459,,3120
2025-09-11 13:43:59,29471392,0,,0.0330,,0.127,,1474,,2160,3840,25,0.459,,3146
2025-09-11 13:44:00,28637843,0,,0.0330,,0.128,,1501,,2160,3840,27,0.459,,3056
2025-09-11 13:44:01,28415531,0,,0.0310,,0.128,,1525,,2160,3840,24,0.459,,3032
2025-09-11 13:44:02,27981504,0,,0.0300,,0.129,,1551,,2160,3840,26,0.459,,2985
2025-09-11 13:44:03,27959685,0,,0.0320,,0.129,,1575,,2160,3840,24,0.459,,2985
2025-09-11 13:44:04,27999725,0,,0.0340,,0.129,,1600,,2160,3840,25,0.459,,2989
2025-09-11 13:44:05,28251568,0,,0.0340,,0.129,,1624,,2160,3840,24,0.459,,3016
2025-09-11 13:44:06,27722944,0,,0.0330,,0.129,,1648,,2160,3840,24,0.459,,2959
2025-09-11 13:44:07,28041296,0,,0.0320,,0.129,,1672,,2160,3840,24,0.459,,2993
2025-09-11 13:44:08,28128957,0,,0.0320,,0.129,,1697,,2160,3840,25,0.459,,3004
2025-09-11 13:44:09,28921893,0,,0.0360,,0.129,,1721,,2160,3840,24,0.459,,3088
2025-09-11 13:44:10,28788616,0,,0.0360,,0.129,,1745,,2160,3840,24,0.459,,3075
2025-09-11 13:44:11,28490768,0,,0.0340,,0.128,,1769,,2160,3840,24,0.459,,3042
2025-09-11 13:44:12,28172680,0,,0.0320,,0.128,,1792,,2160,3840,23,0.459,,3008
2025-09-11 13:44:13,27948333,0,,0.0310,,0.128,,1815,,2160,3840,23,0.459,,2982
2025-09-11 13:44:14,28377840,0,,0.0300,,0.128,,1839,,2160,3840,24,0.459,,3027
2025-09-11 13:44:15,28528888,14,,0.0290,,0.128,,1862,,2160,3840,23,0.459,,3042
2025-09-11 13:44:16,28411901,15,,0.0290,,0.128,,1886,,2160,3840,24,0.459,,3031
2025-09-11 13:44:17,28052363,898,,0.0560,,0.128,,1888,,2160,3840,2,0.459,,2993
2025-09-11 13:44:18,27510520,1413,,0.0460,,0.129,,1915,,2160,3840,27,1.49,,2935
2025-09-11 13:44:19,28705661,1413,,0.0380,,0.128,,1942,,2160,3840,27,1.49,,3063
2025-09-11 13:44:20,30088800,1413,,0.0360,,0.127,,1968,,2160,3840,26,1.49,,3211
2025-09-11 13:44:21,29345776,2715,,0.0470,,0.128,,1992,,2160,3840,24,1.49,,3133
2025-09-11 13:44:22,27805008,3242,,0.0420,,0.128,,2016,,2160,3840,24,1.49,,2969
2025-09-11 13:44:23,25961205,3243,,0.0450,,0.128,,2039,,2160,3840,23,1.49,,2771
2025-09-11 13:44:24,26724829,3228,,0.0450,,0.128,,2062,,2160,3840,23,1.49,,2852
2025-09-11 13:44:25,26548320,3247,,0.0410,,0.128,,2086,,2160,3840,24,1.49,,2834
2025-09-11 13:44:26,25815645,3768,,0.0470,,0.128,,2104,,2160,3840,18,1.49,,2756
2025-09-11 13:44:27,25031549,4787,,0.0620,,0.129,,2125,,2160,3840,21,1.49,,2673
2025-09-11 13:44:28,25122085,4778,,0.0470,,0.128,,2149,,2160,3840,24,1.49,,2681
2025-09-11 13:44:29,25233752,5234,,0.0520,,0.128,,2166,,2160,3840,17,1.49,,2693
2025-09-11 13:44:30,26550368,5234,,0.0470,,0.128,,2195,,2160,3840,29,1.49,,2834
2025-09-11 13:44:31,26553587,5257,,0.0400,,0.128,,2216,,2160,3840,21,1.49,,2834
2025-09-11 13:44:32,26865453,5242,,0.0400,,0.128,,2239,,2160,3840,23,1.49,,2867
2025-09-11 13:44:33,25988629,6494,,0.0690,,0.128,,2256,,2160,3840,17,1.74,,2772
2025-09-11 13:44:34,25444347,8972,,0.0650,,0.129,,2279,,2160,3840,23,1.74,,2715
2025-09-11 13:44:35,24873736,9916,,0.0540,,0.129,,2302,,2160,3840,23,1.96,,2653
2025-09-11 13:44:36,24219371,9916,,0.0450,,0.128,,2322,,2160,3840,20,1.96,,2583
2025-09-11 13:44:37,26015101,9916,,0.0410,,0.128,,2343,,2160,3840,21,1.96,,2775
2025-09-11 13:44:38,27629933,10451,,0.0510,,0.128,,2367,,2160,3840,24,1.96,,2949
2025-09-11 13:44:39,28876312,10475,,0.0420,,0.128,,2392,,2160,3840,25,1.96,,3083
2025-09-11 13:44:40,28056080,10906,,0.0440,,0.128,,2417,,2160,3840,25,1.96,,2995
2025-09-11 13:44:41,27202509,11410,,0.0550,,0.128,,2437,,2160,3840,20,1.96,,2904
2025-09-11 13:44:42,26752715,12638,,0.0620,,0.128,,2458,,2160,3840,21,1.96,,2855
2025-09-11 13:44:43,26249651,14379,,0.0720,,0.129,,2480,,2160,3840,22,2.16,,2801
2025-09-11 13:44:44,27068325,14384,,0.0470,,0.129,,2505,,2160,3840,25,2.16,,2889
2025-09-11 13:44:45,27822248,14386,,0.0440,,0.128,,2530,,2160,3840,25,2.16,,2970
2025-09-11 13:44:46,28230680,14385,,0.0440,,0.128,,2552,,2160,3840,22,2.16,,3014
2025-09-11 13:44:47,27676632,14379,,0.0400,,0.127,,2577,,2160,3840,25,2.16,,2955
2025-09-11 13:44:48,27374011,14379,,0.0400,,0.127,,2600,,2160,3840,23,2.16,,2922
2025-09-11 13:44:49,27838304,14379,,0.0390,,0.127,,2624,,2160,3840,24,2.16,,2970
2025-09-11 13:44:50,28709853,14379,,0.0380,,0.127,,2647,,2160,3840,23,2.16,,3064
2025-09-11 13:44:51,28668456,14379,,0.0390,,0.127,,2670,,2160,3840,23,2.16,,3060
2025-09-11 13:44:52,28121864,14380,,0.0400,,0.128,,2694,,2160,3840,24,2.16,,3001
2025-09-11 13:44:53,27171067,14384,,0.0400,,0.128,,2716,,2160,3840,22,2.16,,2899
2025-09-11 13:44:54,27366725,14379,,0.0400,,0.129,,2740,,2160,3840,24,2.16,,2920
2025-09-11 13:44:55,27466893,14386,,0.0400,,0.129,,2763,,2160,3840,23,2.16,,2932
2025-09-11 13:44:56,27801325,14379,,0.0400,,0.130,,2786,,2160,3840,23,2.16,,2967
2025-09-11 13:44:57,27753984,14392,,0.0400,,0.130,,2810,,2160,3840,24,2.16,,2962
2025-09-11 13:44:58,26996731,14407,,0.0400,,0.131,,2832,,2160,3840,22,2.16,,2880
2025-09-11 13:44:59,25741395,14405,,0.0470,,0.131,,2853,,2160,3840,21,2.16,,2746
2025-09-11 13:45:00,25188616,14382,,0.0510,,0.131,,2872,,2160,3840,19,2.16,,2687
2025-09-11 13:45:01,26035717,14381,,0.0460,,0.132,,2897,,2160,3840,25,2.16,,2779
2025-09-11 13:45:02,25814581,14416,,0.0440,,0.132,,2917,,2160,3840,20,2.16,,2755
2025-09-11 13:45:03,24902928,15929,,0.0540,,0.132,,2935,,2160,3840,18,2.16,,2657
2025-09-11 13:45:04,25063227,15921,,0.0490,,0.132,,2960,,2160,3840,25,2.16,,2673
2025-09-11 13:45:05,26685416,15919,,0.0450,,0.132,,2984,,2160,3840,24,2.16,,2847
2025-09-11 13:45:06,28386701,15907,,0.0420,,0.131,,3009,,2160,3840,25,2.16,,3029
2025-09-11 13:45:07,27881709,15925,,0.0410,,0.131,,3028,,2160,3840,19,2.16,,2976
2025-09-11 13:45:08,27888867,16537,,0.0470,,0.131,,3053,,2160,3840,25,2.39,,2976
2025-09-11 13:45:09,27581133,16534,,0.0400,,0.131,,3079,,2160,3840,26,2.39,,2945
2025-09-11 13:45:10,28785419,16537,,0.0380,,0.130,,3104,,2160,3840,25,2.39,,3073
2025-09-11 13:45:11,28624331,16561,,0.0410,,0.130,,3126,,2160,3840,22,2.39,,3057
2025-09-11 13:45:12,27549995,16568,,0.0490,,0.130,,3149,,2160,3840,23,2.61,,2940
2025-09-11 13:45:13,26273312,16566,,0.0420,,0.130,,3172,,2160,3840,23,2.61,,2803
2025-09-11 13:45:14,25881635,17589,,0.0510,,0.130,,3193,,2160,3840,21,2.61,,2762
2025-09-11 13:45:15,26459515,17570,,0.0420,,0.130,,3216,,2160,3840,23,2.61,,2824
2025-09-11 13:45:16,27092125,17577,,0.0450,,0.130,,3240,,2160,3840,24,2.61,,2892
2025-09-11 13:45:17,27669685,17571,,0.0410,,0.129,,3265,,2160,3840,25,2.61,,2954
2025-09-11 13:45:18,27737704,17592,,0.0400,,0.129,,3287,,2160,3840,22,2.61,,2961
2025-09-11 13:45:19,26932944,17594,,0.0400,,0.129,,3309,,2160,3840,22,2.61,,2875
2025-09-11 13:45:20,26433517,17570,,0.0470,,0.129,,3332,,2160,3840,23,2.61,,2821
2025-09-11 13:45:21,26692893,17570,,0.0420,,0.128,,3356,,2160,3840,24,2.61,,2849
2025-09-11 13:45:22,27293517,17580,,0.0400,,0.128,,3379,,2160,3840,23,2.61,,2912
2025-09-11 13:45:23,27944523,17570,,0.0410,,0.128,,3401,,2160,3840,22,2.61,,2980
2025-09-11 13:45:24,28472584,17570,,0.0420,,0.127,,3424,,2160,3840,23,2.61,,3036
2025-09-11 13:45:25,29000595,17573,,0.0390,,0.127,,3447,,2160,3840,23,2.61,,3092
2025-09-11 13:45:26,28461413,17587,,0.0420,,0.127,,3469,,2160,3840,22,2.61,,3036
2025-09-11 13:45:27,28193669,17570,,0.0440,,0.127,,3496,,2160,3840,27,2.61,,3006
2025-09-11 13:45:28,27556549,17570,,0.0390,,0.126,,3519,,2160,3840,23,2.61,,2940
2025-09-11 13:45:29,27639429,17575,,0.0380,,0.126,,3543,,2160,3840,24,2.61,,2949
2025-09-11 13:45:30,27221736,18138,,0.0480,,0.126,,3565,,2160,3840,22,2.61,,2906
2025-09-11 13:45:31,26521691,18673,,0.0480,,0.126,,3586,,2160,3840,21,2.61,,2832
2025-09-11 13:45:32,26748739,18661,,0.0470,,0.126,,3610,,2160,3840,24,2.61,,2855
2025-09-11 13:45:33,26473115,18667,,0.0430,,0.126,,3630,,2160,3840,20,2.61,,2825
2025-09-11 13:45:34,27814109,18674,,0.0420,,0.125,,3655,,2160,3840,25,2.61,,2968
2025-09-11 13:45:35,27893875,18657,,0.0400,,0.125,,3679,,2160,3840,24,2.61,,2976
2025-09-11 13:45:36,28690965,18657,,0.0410,,0.125,,3703,,2160,3840,24,2.61,,3060
2025-09-11 13:45:37,28006691,18657,,0.0390,,0.124,,3726,,2160,3840,23,2.61,,2987
2025-09-11 13:45:38,27902968,18657,,0.0400,,0.124,,3750,,2160,3840,24,2.61,,2976
2025-09-11 13:45:39,27305752,18672,,0.0420,,0.124,,3772,,2160,3840,22,2.61,,2913
2025-09-11 13:45:40,27469219,18657,,0.0390,,0.124,,3794,,2160,3840,22,2.61,,2931
2025-09-11 13:45:41,27529408,18657,,0.0400,,0.124,,3818,,2160,3840,24,2.61,,2938
2025-09-11 13:45:42,28186056,18665,,0.0400,,0.123,,3843,,2160,3840,25,2.61,,3008
2025-09-11 13:45:43,28533901,18662,,0.0400,,0.123,,3866,,2160,3840,23,2.61,,3043
2025-09-11 13:45:44,28752456,18657,,0.0380,,0.123,,3891,,2160,3840,25,2.61,,3067
2025-09-11 13:45:45,28391488,18659,,0.0390,,0.123,,3914,,2160,3840,23,2.61,,3028
2025-09-11 13:45:46,28276651,18657,,0.0390,,0.123,,3938,,2160,3840,24,2.61,,3017
2025-09-11 13:45:47,28276269,18657,,0.0390,,0.123,,3962,,2160,3840,24,2.61,,3018
2025-09-11 13:45:48,28499568,18657,,0.0390,,0.123,,3986,,2160,3840,24,2.61,,3043
2025-09-11 13:45:49,28600936,18657,,0.0390,,0.123,,4010,,2160,3840,24,2.61,,3054
2025-09-11 13:45:50,28652093,18657,,0.0390,,0.123,,4034,,2160,3840,24,2.61,,3058
2025-09-11 13:45:51,29013659,18658,,0.0380,,0.123,,4059,,2160,3840,25,2.61,,3095
2025-09-11 13:45:52,29044459,18657,,0.0380,,0.122,,4083,,2160,3840,24,2.61,,3098
2025-09-11 13:45:53,28543349,18657,,0.0380,,0.122,,4107,,2160,3840,24,2.61,,3045
2025-09-11 13:45:54,28269736,18657,,0.0390,,0.122,,4131,,2160,3840,24,2.61,,3017
2025-09-11 13:45:55,28369264,18657,,0.0380,,0.122,,4156,,2160,3840,25,2.61,,3029
2025-09-11 13:45:56,28667736,18657,,0.0380,,0.122,,4179,,2160,3840,23,2.61,,3060
2025-09-11 13:45:57,28742339,18657,,0.0380,,0.122,,4204,,2160,3840,25,2.61,,3068
2025-09-11 13:45:58,28762515,18657,,0.0380,,0.122,,4228,,2160,3840,24,2.61,,3069
2025-09-11 13:45:59,28773912,18657,,0.0390,,0.122,,4252,,2160,3840,24,2.61,,3071
2025-09-11 13:46:00,28648245,18657,,0.0340,,0.122,,4276,,2160,3840,24,2.61,,3057
2025-09-11 13:46:01,28800229,18657,,0.0300,,0.121,,4300,,2160,3840,24,2.61,,3074
2025-09-11 13:46:02,29070032,18657,,0.0290,,0.121,,4325,,2160,3840,25,2.61,,3103
2025-09-11 13:46:03,28738760,18657,,0.0270,,0.121,,4349,,2160,3840,24,2.61,,3068
2025-09-11 13:46:04,28202037,18657,,0.0250,,0.121,,4374,,2160,3840,25,2.61,,3010
2025-09-11 13:46:05,27742349,18657,,0.0260,,0.121,,4397,,2160,3840,23,2.61,,2961
2025-09-11 13:46:06,27815685,18657,,0.0260,,0.121,,4420,,2160,3840,23,2.61,,2969
2025-09-11 13:46:07,28344437,18657,,0.0260,,0.121,,4445,,2160,3840,25,2.61,,3026
2025-09-11 13:46:08,29235915,18657,,0.0300,,0.121,,4470,,2160,3840,25,2.61,,3122
2025-09-11 13:46:09,29285427,18657,,0.0340,,0.121,,4495,,2160,3840,25,2.61,,3127
2025-09-11 13:46:10,28756117,18657,,0.0320,,0.120,,4519,,2160,3840,24,2.61,,3070
2025-09-11 13:46:11,27753131,18657,,0.0320,,0.120,,4544,,2160,3840,25,2.61,,2963
2025-09-11 13:46:12,27897701,18657,,0.0320,,0.120,,4567,,2160,3840,23,2.61,,2978
2025-09-11 13:46:13,28509661,18657,,0.0290,,0.120,,4592,,2160,3840,25,2.61,,3044
2025-09-11 13:46:14,29357341,18657,,0.0260,,0.120,,4618,,2160,3840,26,2.61,,3133
2025-09-11 13:46:15,29246451,18657,,0.0280,,0.120,,4642,,2160,3840,24,2.61,,3121
2025-09-11 13:46:16,28238069,18657,,0.0260,,0.120,,4666,,2160,3840,24,2.61,,3013
2025-09-11 13:46:17,27460232,18657,,0.0260,,0.119,,4689,,2160,3840,23,2.61,,2930
2025-09-11 13:46:18,27609661,18657,,0.0300,,0.119,,4714,,2160,3840,25,2.61,,2957
2025-09-11 13:46:19,28222816,18657,,0.0370,,0.119,,4737,,2160,3840,23,2.61,,3022
2025-09-11 13:46:20,28463869,18657,,0.0350,,0.119,,4761,,2160,3840,24,2.61,,3048
2025-09-11 13:46:21,28275843,18657,,0.0320,,0.119,,4785,,2160,3840,24,2.61,,3018
2025-09-11 13:46:22,28517411,18657,,0.0300,,0.119,,4809,,2160,3840,24,2.61,,3044
2025-09-11 13:46:23,28682504,18657,,0.0330,,0.118,,4833,,2160,3840,24,2.61,,3068
2025-09-11 13:46:24,28773195,18657,,0.0370,,0.118,,4857,,2160,3840,24,2.61,,3078
2025-09-11 13:46:25,28572624,18657,,0.0350,,0.118,,4881,,2160,3840,24,2.61,,3055
2025-09-11 13:46:26,28194941,18657,,0.0320,,0.118,,4905,,2160,3840,24,2.61,,3009
2025-09-11 13:46:27,28598957,18657,,0.0300,,0.118,,4929,,2160,3840,24,2.61,,3051
2025-09-11 13:46:28,28844091,18657,,0.0320,,0.118,,4954,,2160,3840,25,2.61,,3078
2025-09-11 13:46:29,29045333,18657,,0.0360,,0.118,,4978,,2160,3840,24,2.61,,3099
2025-09-11 13:46:30,28840720,18657,,0.0340,,0.117,,5002,,2160,3840,24,2.61,,3078
2025-09-11 13:46:31,28694453,18657,,0.0330,,0.117,,5026,,2160,3840,24,2.61,,3062
2025-09-11 13:46:32,28700416,18657,,0.0320,,0.117,,5050,,2160,3840,24,2.61,,3062
2025-09-11 13:46:33,28259448,18657,,0.0340,,0.117,,5073,,2160,3840,23,2.61,,3019
2025-09-11 13:46:34,28094853,18657,,0.0360,,0.117,,5098,,2160,3840,25,2.61,,3002
2025-09-11 13:46:35,28257461,18657,,0.0360,,0.117,,5122,,2160,3840,24,2.61,,3020
2025-09-11 13:46:36,28566251,18657,,0.0340,,0.117,,5145,,2160,3840,23,2.61,,3047
2025-09-11 13:46:37,28804229,18657,,0.0310,,0.116,,5170,,2160,3840,25,2.61,,3072
2025-09-11 13:46:38,28526064,18657,,0.0310,,0.116,,5194,,2160,3840,24,2.61,,3043
2025-09-11 13:46:39,28782053,18657,,0.0300,,0.116,,5218,,2160,3840,24,2.61,,3072
2025-09-11 13:46:40,28763192,18657,,0.0290,,0.116,,5243,,2160,3840,25,2.61,,3071
2025-09-11 13:46:41,29109365,18657,,0.0290,,0.116,,5267,,2160,3840,24,2.61,,3108
2025-09-11 13:46:42,29035024,18657,,0.0260,,0.116,,5291,,2160,3840,24,2.61,,3099
2025-09-11 13:46:43,29181712,18657,,0.0270,,0.116,,5316,,2160,3840,25,2.61,,3113
2025-09-11 13:46:44,28909725,18657,,0.0260,,0.115,,5340,,2160,3840,24,2.61,,3083
2025-09-11 13:46:45,29336931,18657,,0.0300,,0.115,,5367,,2160,3840,27,2.61,,3130
2025-09-11 13:46:46,29159016,18657,,0.0340,,0.115,,5392,,2160,3840,25,2.61,,3112
2025-09-11 13:46:47,28729312,18657,,0.0340,,0.115,,5417,,2160,3840,25,2.61,,3067
2025-09-11 13:46:48,27767765,18657,,0.0330,,0.115,,5441,,2160,3840,24,2.61,,2964
2025-09-11 13:46:49,27444152,18657,,0.0310,,0.115,,5465,,2160,3840,24,2.61,,2930
2025-09-11 13:46:50,27982147,18657,,0.0320,,0.115,,5489,,2160,3840,24,2.61,,2998
2025-09-11 13:46:51,28405965,18657,,0.0350,,0.114,,5513,,2160,3840,24,2.61,,3043
2025-09-11 13:46:52,29200579,18657,,0.0340,,0.114,,5538,,2160,3840,25,2.61,,3127
2025-09-11 13:46:53,28925656,18657,,0.0330,,0.114,,5562,,2160,3840,24,2.61,,3086
2025-09-11 13:46:54,28552872,18657,,0.0300,,0.114,,5586,,2160,3840,24,2.61,,3047
2025-09-11 13:46:55,28087832,18657,,0.0330,,0.114,,5610,,2160,3840,24,2.61,,3002
2025-09-11 13:46:56,27967248,18657,,0.0350,,0.114,,5633,,2160,3840,23,2.61,,2989
2025-09-11 13:46:57,27961915,18657,,0.0350,,0.114,,5656,,2160,3840,23,2.61,,2988
2025-09-11 13:46:58,28158344,18657,,0.0330,,0.114,,5680,,2160,3840,24,2.61,,3005
2025-09-11 13:46:59,28891688,18657,,0.0320,,0.113,,5704,,2160,3840,24,2.61,,3082
2025-09-11 13:47:00,28999981,18657,,0.0320,,0.113,,5727,,2160,3840,23,2.61,,3093
2025-09-11 13:47:01,28193291,18657,,0.0360,,0.113,,5750,,2160,3840,23,2.61,,3007
2025-09-11 13:47:02,27898157,18657,,0.0350,,0.113,,5774,,2160,3840,24,2.61,,2976
2025-09-11 13:47:03,28977483,18657,,0.0340,,0.113,,5798,,2160,3840,24,2.61,,3092
2025-09-11 13:47:04,29613859,18657,,0.0320,,0.113,,5823,,2160,3840,25,2.61,,3160
2025-09-11 13:47:05,29277232,18657,,0.0330,,0.113,,5847,,2160,3840,24,2.61,,3124
2025-09-11 13:47:06,28027605,18657,,0.0360,,0.113,,5870,,2160,3840,23,2.61,,2991
2025-09-11 13:47:07,28031373,18657,,0.0340,,0.112,,5894,,2160,3840,24,2.61,,2991
2025-09-11 13:47:08,28312712,18657,,0.0330,,0.112,,5918,,2160,3840,24,2.61,,3021
2025-09-11 13:47:09,28665747,18657,,0.0310,,0.112,,5942,,2160,3840,24,2.61,,3058
2025-09-11 13:47:10,28285099,18657,,0.0290,,0.112,,5966,,2160,3840,24,2.61,,3018
2025-09-11 13:47:11,28309683,18657,,0.0300,,0.112,,5989,,2160,3840,23,2.61,,3021
2025-09-11 13:47:12,28430659,18657,,0.0290,,0.112,,6014,,2160,3840,25,2.61,,3034
2025-09-11 13:47:13,28640072,18657,,0.0290,,0.112,,6038,,2160,3840,24,2.61,,3057
2025-09-11 13:47:14,28784435,18657,,0.0270,,0.112,,6062,,2160,3840,24,2.61,,3073
2025-09-11 13:47:15,29411891,18657,,0.0270,,0.111,,6088,,2160,3840,26,2.61,,3138
2025-09-11 13:47:16,28931019,18657,,0.0280,,0.111,,6112,,2160,3840,24,2.61,,3087
2025-09-11 13:47:17,28796064,18657,,0.0300,,0.111,,6137,,2160,3840,25,2.61,,3072
2025-09-11 13:47:18,27826328,18657,,0.0340,,0.111,,6161,,2160,3840,24,2.61,,2970
2025-09-11 13:47:19,28439512,18657,,0.0350,,0.111,,6185,,2160,3840,24,2.61,,3035
2025-09-11 13:47:20,28224032,18657,,0.0330,,0.111,,6209,,2160,3840,24,2.61,,3012
2025-09-11 13:47:21,28616824,18657,,0.0310,,0.111,,6232,,2160,3840,23,2.61,,3054
2025-09-11 13:47:22,28918915,18657,,0.0320,,0.111,,6258,,2160,3840,26,2.61,,3085
2025-09-11 13:47:23,29481381,18657,,0.0340,,0.110,,6283,,2160,3840,25,2.61,,3145
2025-09-11 13:47:24,29494712,18657,,0.0340,,0.110,,6309,,2160,3840,26,2.61,,3147
2025-09-11 13:47:25,28730864,18657,,0.0320,,0.110,,6333,,2160,3840,24,2.61,,3066
2025-09-11 13:47:26,28014491,18657,,0.0300,,0.110,,6357,,2160,3840,24,2.61,,2989
2025-09-11 13:47:27,27314173,18657,,0.0330,,0.110,,6381,,2160,3840,24,2.61,,2925
2025-09-11 13:47:28,27493440,18657,,0.0360,,0.110,,6404,,2160,3840,23,2.61,,2945
2025-09-11 13:47:29,27867515,18657,,0.0340,,0.110,,6429,,2160,3840,25,2.61,,2985
2025-09-11 13:47:30,28840440,18657,,0.0340,,0.110,,6454,,2160,3840,25,2.61,,3078
2025-09-11 13:47:31,29013528,18657,,0.0320,,0.109,,6478,,2160,3840,24,2.61,,3096
2025-09-11 13:47:32,28488379,18657,,0.0310,,0.109,,6501,,2160,3840,23,2.61,,3040
2025-09-11 13:47:33,28000045,18657,,0.0310,,0.109,,6525,,2160,3840,24,2.61,,2988
2025-09-11 13:47:34,27651275,18657,,0.0290,,0.109,,6548,,2160,3840,23,2.61,,2950
2025-09-11 13:47:35,28221512,18657,,0.0300,,0.109,,6570,,2160,3840,22,2.61,,3011
2025-09-11 13:47:36,28331805,18657,,0.0290,,0.109,,6594,,2160,3840,24,2.61,,3022
2025-09-11 13:47:37,28794797,18657,,0.0340,,0.109,,6617,,2160,3840,23,2.61,,3083
2025-09-11 13:47:38,28643475,18657,,0.0370,,0.109,,6640,,2160,3840,23,2.61,,3068
2025-09-11 13:47:39,28883232,18657,,0.0370,,0.109,,6664,,2160,3840,24,2.61,,3094
2025-09-11 13:47:40,29040837,18657,,0.0330,,0.109,,6689,,2160,3840,25,2.61,,3101
2025-09-11 13:47:41,29524469,18657,,0.0300,,0.109,,6713,,2160,3840,24,2.61,,3151
2025-09-11 13:47:42,29047915,18657,,0.0310,,0.108,,6738,,2160,3840,25,2.61,,3100
2025-09-11 13:47:43,28549531,18657,,0.0340,,0.108,,6762,,2160,3840,24,2.61,,3047
2025-09-11 13:47:44,27899581,18657,,0.0340,,0.108,,6785,,2160,3840,23,2.61,,2977
2025-09-11 13:47:45,28215549,18657,,0.0330,,0.108,,6809,,2160,3840,24,2.61,,3011
2025-09-11 13:47:46,28372237,18657,,0.0320,,0.108,,6833,,2160,3840,24,2.61,,3027
2025-09-11 13:47:47,28690272,18657,,0.0330,,0.108,,6857,,2160,3840,24,2.61,,3065
2025-09-11 13:47:48,29184467,18657,,0.0360,,0.108,,6883,,2160,3840,26,2.61,,3118
2025-09-11 13:47:49,29505261,18657,,0.0340,,0.108,,6908,,2160,3840,25,2.61,,3153
2025-09-11 13:47:50,29034245,18657,,0.0320,,0.108,,6932,,2160,3840,24,2.61,,3099
2025-09-11 13:47:51,28069973,18657,,0.0290,,0.108,,6957,,2160,3840,25,2.61,,2996
2025-09-11 13:47:52,27761389,18657,,0.0320,,0.108,,6981,,2160,3840,24,2.61,,2963
2025-09-11 13:47:53,28249539,18657,,0.0370,,0.108,,7005,,2160,3840,24,2.61,,3015
2025-09-11 13:47:54,28483443,18657,,0.0340,,0.107,,7029,,2160,3840,24,2.61,,3040
2025-09-11 13:47:55,28387973,18657,,0.0320,,0.107,,7052,,2160,3840,23,2.61,,3030
2025-09-11 13:47:56,28009432,18657,,0.0320,,0.107,,7076,,2160,3840,24,2.61,,2989
2025-09-11 13:47:57,28794888,18657,,0.0300,,0.107,,7101,,2160,3840,25,2.61,,3073
2025-09-11 13:47:58,29157437,18657,,0.0270,,0.107,,7127,,2160,3840,26,2.61,,3111
2025-09-11 13:47:59,29524480,18657,,0.0280,,0.107,,7151,,2160,3840,24,2.61,,3151
2025-09-11 13:48:00,28546645,18657,,0.0270,,0.107,,7176,,2160,3840,25,2.61,,3047
2025-09-11 13:48:01,28090584,18657,,0.0270,,0.107,,7200,,2160,3840,24,2.61,,2999
2025-09-11 13:48:02,28035840,18657,,0.0270,,0.107,,7225,,2160,3840,25,2.61,,2993
2025-09-11 13:48:03,28769704,18657,,0.0270,,0.107,,7249,,2160,3840,24,2.61,,3071
2025-09-11 13:48:04,28651379,18657,,0.0260,,0.107,,7273,,2160,3840,24,2.61,,3059
2025-09-11 13:48:05,28916405,18657,,0.0280,,0.107,,7297,,2160,3840,24,2.61,,3088
2025-09-11 13:48:06,28230224,18657,,0.0270,,0.107,,7321,,2160,3840,24,2.61,,3014
2025-09-11 13:48:07,28987168,18657,,0.0270,,0.106,,7346,,2160,3840,25,2.61,,3094
2025-09-11 13:48:08,28878491,18657,,0.0260,,0.106,,7370,,2160,3840,24,2.61,,3082
2025-09-11 13:48:09,28995432,18657,,0.0310,,0.106,,7394,,2160,3840,24,2.61,,3095
2025-09-11 13:48:10,28605592,18657,,0.0360,,0.106,,7418,,2160,3840,24,2.61,,3054
2025-09-11 13:48:11,28054739,18657,,0.0350,,0.106,,7441,,2160,3840,23,2.61,,2994
2025-09-11 13:48:12,27983939,18657,,0.0320,,0.106,,7465,,2160,3840,24,2.61,,2986
2025-09-11 13:48:13,28177192,18657,,0.0300,,0.106,,7488,,2160,3840,23,2.61,,3007
2025-09-11 13:48:14,28392920,18657,,0.0340,,0.106,,7512,,2160,3840,24,2.61,,3031
2025-09-11 13:48:15,28975240,18657,,0.0370,,0.106,,7536,,2160,3840,24,2.61,,3093
2025-09-11 13:48:16,28708725,18657,,0.0350,,0.106,,7561,,2160,3840,25,2.61,,3063
2025-09-11 13:48:17,28975549,18657,,0.0330,,0.106,,7584,,2160,3840,23,2.61,,3092
2025-09-11 13:48:18,28452899,18657,,0.0300,,0.106,,7609,,2160,3840,25,2.61,,3036
2025-09-11 13:48:19,28671083,18657,,0.0300,,0.106,,7633,,2160,3840,24,2.61,,3061
2025-09-11 13:48:20,28414555,18657,,0.0290,,0.105,,7657,,2160,3840,24,2.61,,3034
2025-09-11 13:48:21,28721683,18657,,0.0260,,0.105,,7681,,2160,3840,24,2.61,,3066
2025-09-11 13:48:22,28717627,18657,,0.0250,,0.105,,7705,,2160,3840,24,2.61,,3066
2025-09-11 13:48:23,28940555,18657,,0.0250,,0.105,,7729,,2160,3840,24,2.61,,3089
2025-09-11 13:48:24,29139144,18657,,0.0280,,0.105,,7755,,2160,3840,26,2.61,,3110
2025-09-11 13:48:25,28696395,18657,,0.0340,,0.105,,7779,,2160,3840,24,2.61,,3062
2025-09-11 13:48:26,28118403,18657,,0.0340,,0.105,,7803,,2160,3840,24,2.61,,3001
2025-09-11 13:48:27,27667147,18657,,0.0310,,0.105,,7827,,2160,3840,24,2.61,,2953
2025-09-11 13:48:28,27733797,18657,,0.0300,,0.105,,7850,,2160,3840,23,2.61,,2961
2025-09-11 13:48:29,28010397,18657,,0.0330,,0.105,,7874,,2160,3840,24,2.61,,2997
2025-09-11 13:48:30,28373072,18657,,0.0350,,0.105,,7899,,2160,3840,25,2.61,,3036
2025-09-11 13:48:31,28782976,18657,,0.0330,,0.105,,7923,,2160,3840,24,2.61,,3079
2025-09-11 13:48:32,28916771,18657,,0.0310,,0.104,,7947,,2160,3840,24,2.61,,3086
2025-09-11 13:48:33,28781979,18657,,0.0310,,0.104,,7971,,2160,3840,24,2.61,,3072
2025-09-11 13:48:34,28706557,18657,,0.0300,,0.104,,7996,,2160,3840,25,2.61,,3063
2025-09-11 13:48:35,28836971,18657,,0.0280,,0.104,,8020,,2160,3840,24,2.61,,3078
2025-09-11 13:48:36,28629645,18657,,0.0270,,0.104,,8044,,2160,3840,24,2.61,,3055
2025-09-11 13:48:37,28664147,18657,,0.0290,,0.104,,8068,,2160,3840,24,2.61,,3058
2025-09-11 13:48:38,28719773,18657,,0.0280,,0.104,,8093,,2160,3840,25,2.61,,3064
2025-09-11 13:48:39,28985197,18657,,0.0320,,0.104,,8117,,2160,3840,24,2.61,,3101
2025-09-11 13:48:40,28679539,18657,,0.0340,,0.104,,8141,,2160,3840,24,2.61,,3069
2025-09-11 13:48:41,28493901,18657,,0.0340,,0.104,,8164,,2160,3840,23,2.61,,3048
2025-09-11 13:48:42,28382771,18657,,0.0320,,0.104,,8189,,2160,3840,25,2.61,,3029
2025-09-11 13:48:43,28616131,18657,,0.0320,,0.104,,8212,,2160,3840,23,2.61,,3054
2025-09-11 13:48:44,28657141,18657,,0.0340,,0.104,,8236,,2160,3840,24,2.61,,3061
2025-09-11 13:48:45,28644573,18657,,0.0360,,0.104,,8260,,2160,3840,24,2.61,,3059
2025-09-11 13:48:46,28377832,18657,,0.0340,,0.104,,8284,,2160,3840,24,2.61,,3030
2025-09-11 13:48:47,28202024,18657,,0.0330,,0.103,,8308,,2160,3840,24,2.61,,3011
2025-09-11 13:48:48,28563891,18657,,0.0300,,0.103,,8332,,2160,3840,24,2.61,,3049
2025-09-11 13:48:49,29144947,18657,,0.0310,,0.103,,8357,,2160,3840,25,2.61,,3111
2025-09-11 13:48:50,29330915,18657,,0.0340,,0.103,,8383,,2160,3840,26,2.61,,3131
2025-09-11 13:48:51,28841373,18657,,0.0330,,0.103,,8407,,2160,3840,24,2.61,,3078
2025-09-11 13:48:52,28467480,18657,,0.0310,,0.103,,8432,,2160,3840,25,2.61,,3039
2025-09-11 13:48:53,28171117,18657,,0.0300,,0.103,,8456,,2160,3840,24,2.61,,3006
2025-09-11 13:48:54,27930888,18657,,0.0310,,0.103,,8480,,2160,3840,24,2.61,,2982
2025-09-11 13:48:55,27700683,18657,,0.0360,,0.103,,8503,,2160,3840,23,2.61,,2957
2025-09-11 13:48:56,27975357,18657,,0.0350,,0.103,,8527,,2160,3840,24,2.61,,2986
2025-09-11 13:48:57,28540189,18657,,0.0330,,0.103,,8551,,2160,3840,24,2.61,,3046
2025-09-11 13:48:58,28941296,18657,,0.0300,,0.103,,8576,,2160,3840,25,2.61,,3088
2025-09-11 13:48:59,29090632,18657,,0.0320,,0.103,,8600,,2160,3840,24,2.61,,3105
2025-09-11 13:49:00,28890331,18657,,0.0340,,0.103,,8625,,2160,3840,25,2.61,,3083
2025-09-11 13:49:01,28566147,18657,,0.0320,,0.103,,8649,,2160,3840,24,2.61,,3048
2025-09-11 13:49:02,28299203,18657,,0.0310,,0.103,,8673,,2160,3840,24,2.61,,3021
2025-09-11 13:49:03,28638080,18657,,0.0300,,0.102,,8698,,2160,3840,25,2.61,,3058
2025-09-11 13:49:04,28683360,18657,,0.0300,,0.102,,8723,,2160,3840,25,2.61,,3062
2025-09-11 13:49:05,28795227,18657,,0.0290,,0.102,,8747,,2160,3840,24,2.61,,3073
2025-09-11 13:49:06,27916589,18657,,0.0290,,0.102,,8770,,2160,3840,23,2.61,,2979
2025-09-11 13:49:07,28103624,18657,,0.0290,,0.102,,8795,,2160,3840,25,2.61,,2999
2025-09-11 13:49:08,28175347,18657,,0.0280,,0.102,,8819,,2160,3840,24,2.61,,3007
2025-09-11 13:49:09,28681491,18657,,0.0270,,0.102,,8843,,2160,3840,24,2.61,,3061
2025-09-11 13:49:10,28417712,18657,,0.0260,,0.102,,8867,,2160,3840,24,2.61,,3032
2025-09-11 13:49:11,28470176,18657,,0.0290,,0.102,,8891,,2160,3840,24,2.61,,3038
2025-09-11 13:49:12,28712984,18657,,0.0350,,0.102,,8915,,2160,3840,24,2.61,,3064
2025-09-11 13:49:13,29108117,18657,,0.0340,,0.102,,8940,,2160,3840,25,2.61,,3106
2025-09-11 13:49:14,28864024,18657,,0.0300,,0.102,,8964,,2160,3840,24,2.61,,3080
2025-09-11 13:49:15,28816192,18657,,0.0300,,0.102,,8989,,2160,3840,25,2.61,,3076
2025-09-11 13:49:16,28584501,18657,,0.0290,,0.102,,9013,,2160,3840,24,2.61,,3051
2025-09-11 13:49:17,28698277,18657,,0.0290,,0.102,,9038,,2160,3840,25,2.61,,3063
2025-09-11 13:49:18,28355371,18657,,0.0270,,0.102,,9063,,2160,3840,25,2.61,,3027
2025-09-11 13:49:19,28330952,18657,,0.0270,,0.101,,9087,,2160,3840,24,2.61,,3025
2025-09-11 13:49:20,28377680,18657,,0.0260,,0.101,,9111,,2160,3840,24,2.61,,3029
2025-09-11 13:49:21,28494973,18657,,0.0290,,0.101,,9136,,2160,3840,25,2.61,,3041
2025-09-11 13:49:22,28566795,18657,,0.0340,,0.101,,9160,,2160,3840,24,2.61,,3048
2025-09-11 13:49:23,28392427,18657,,0.0350,,0.101,,9185,,2160,3840,25,2.61,,3029
2025-09-11 13:49:24,28298341,18657,,0.0330,,0.101,,9209,,2160,3840,24,2.61,,3020
2025-09-11 13:49:25,28497416,18657,,0.0310,,0.101,,9234,,2160,3840,25,2.61,,3041
2025-09-11 13:49:26,28394488,18657,,0.0320,,0.101,,9258,,2160,3840,24,2.61,,3042
2025-09-11 13:49:27,28404581,18657,,0.0350,,0.101,,9281,,2160,3840,23,2.61,,3042
2025-09-11 13:49:28,28100003,18657,,0.0340,,0.101,,9305,,2160,3840,24,2.61,,3010
2025-09-11 13:49:29,28442752,18657,,0.0330,,0.101,,9329,,2160,3840,24,2.61,,3035
2025-09-11 13:49:30,28548736,18657,,0.0290,,0.101,,9353,,2160,3840,24,2.61,,3047
2025-09-11 13:49:31,28618952,18657,,0.0310,,0.101,,9377,,2160,3840,24,2.61,,3054
2025-09-11 13:49:32,28714136,18657,,0.0360,,0.101,,9402,,2160,3840,25,2.61,,3063
2025-09-11 13:49:33,28651784,18657,,0.0360,,0.101,,9425,,2160,3840,23,2.61,,3057
2025-09-11 13:49:34,28473493,18657,,0.0310,,0.100,,9449,,2160,3840,24,2.61,,3038
2025-09-11 13:49:35,28614685,18657,,0.0300,,0.100,,9474,,2160,3840,25,2.61,,3054
2025-09-11 13:49:36,28665456,18657,,0.0310,,0.100,,9498,,2160,3840,24,2.61,,3059
2025-09-11 13:49:37,28907984,18657,,0.0360,,0.100,,9522,,2160,3840,24,2.61,,3086
2025-09-11 13:49:38,28708301,18657,,0.0340,,0.100,,9546,,2160,3840,24,2.61,,3065
2025-09-11 13:49:39,29092757,18657,,0.0340,,0.100,,9571,,2160,3840,25,2.61,,3105
2025-09-11 13:49:40,29034656,18657,,0.0310,,0.100,,9596,,2160,3840,25,2.61,,3099
2025-09-11 13:49:41,28707560,18657,,0.0310,,0.100,,9620,,2160,3840,24,2.61,,3065
2025-09-11 13:49:42,28833032,18657,,0.0350,,0.100,,9645,,2160,3840,25,2.61,,3078
2025-09-11 13:49:43,28638005,18657,,0.0330,,0.1000,,9670,,2160,3840,25,2.61,,3057
2025-09-11 13:49:44,28795296,18657,,0.0330,,0.0999,,9694,,2160,3840,24,2.61,,3073
2025-09-11 13:49:45,28114491,18657,,0.0300,,0.0999,,9719,,2160,3840,25,2.61,,3001
2025-09-11 13:49:46,28093917,18657,,0.0280,,0.0998,,9743,,2160,3840,24,2.61,,2998
2025-09-11 13:49:47,28027021,18657,,0.0280,,0.0998,,9768,,2160,3840,25,2.61,,2991
2025-09-11 13:49:48,28309792,18657,,0.0260,,0.0997,,9793,,2160,3840,25,2.61,,3021
2025-09-11 13:49:49,28342869,18657,,0.0270,,0.0996,,9817,,2160,3840,24,2.61,,3025
2025-09-11 13:49:50,28464744,18657,,0.0270,,0.0996,,9841,,2160,3840,24,2.61,,3038
2025-09-11 13:49:51,28419672,18657,,0.0280,,0.0996,,9865,,2160,3840,24,2.61,,3032
2025-09-11 13:49:52,28394699,18657,,0.0270,,0.0995,,9889,,2160,3840,24,2.61,,3030
2025-09-11 13:49:53,28296328,18657,,0.0290,,0.0995,,9913,,2160,3840,24,2.61,,3025
2025-09-11 13:49:54,28105875,18657,,0.0350,,0.0994,,9937,,2160,3840,24,2.61,,3011
2025-09-11 13:49:55,28443997,18657,,0.0350,,0.0994,,9960,,2160,3840,23,2.61,,3048
2025-09-11 13:49:56,28377275,18657,,0.0330,,0.0993,,9984,,2160,3840,24,2.61,,3034
2025-09-11 13:49:57,28582835,18657,,0.0310,,0.0993,,10008,,2160,3840,24,2.61,,3051
2025-09-11 13:49:58,28144352,18657,,0.0300,,0.0992,,10032,,2160,3840,24,2.61,,3004
2025-09-11 13:49:59,28468048,18657,,0.0360,,0.0992,,10056,,2160,3840,24,2.61,,3039
2025-09-11 13:50:00,28637685,18657,,0.0360,,0.0991,,10080,,2160,3840,24,2.61,,3056
2025-09-11 13:50:01,29227749,18657,,0.0350,,0.0991,,10105,,2160,3840,25,2.61,,3119
2025-09-11 13:50:02,19553349,18657,,0.0350,,0.0991,,10105,,2160,3840,25,2.61,,2086
2025-09-11 13:50:03,9830283,18657,,0.0350,,0.0991,,10105,,2160,3840,25,2.61,,1049
2025-09-11 13:50:04,0,18657,,0.0350,,0.0991,,10105,,2160,3840,25,2.61,,0
2025-09-11 13:50:05,0,18657,,0.0350,,0.0991,,10105,,2160,3840,25,2.61,,0
2025-09-11 13:50:06,0,18657,,0.0350,,0.0991,,10105,,2160,3840,25,2.61,,0
2025-09-11 13:50:07,0,18657,,0.0350,,0.0991,,10105,,2160,3840,25,2.61,,0
2025-09-11 13:50:08,0,18657,,0.0350,,0.0991,,10105,,2160,3840,25,2.61,,0
2025-09-11 13:50:09,0,18657,,0.0350,,0.0991,,10105,,2160,3840,25,2.61,,0
2025-09-11 13:50:10,0,18657,,0.0350,,0.0991,,10105,,2160,3840,25,2.61,,0
2025-09-11 13:50:11,0,18657,,0.0350,,0.0991,,10105,,2160,3840,25,2.61,,0
2025-09-11 13:50:12,0,18657,,0.0350,,0.0991,,10105,,2160,3840,25,2.61,,0
2025-09-11 13:50:13,0,18657,,0.0350,,0.0991,,10105,,2160,3840,25,2.61,,0
2025-09-11 13:50:14,0,18657,,0.0350,,0.0991,,10105,,2160,3840,25,2.61,,0
2025-09-11 13:50:15,0,18657,,0.0350,,0.0991,,10105,,2160,3840,25,2.61,,0
2025-09-11 13:50:16,0,18657,,0.0350,,0.0991,,10105,,2160,3840,25,2.61,,0
2025-09-11 13:50:17,0,18657,,0.0350,,0.0991,,10105,,2160,3840,25,2.61,,0
2025-09-11 13:50:18,0,18657,,0.0350,,0.0991,,10105,,2160,3840,25,2.61,,0
2025-09-11 13:50:19,0,18657,,0.0350,,0.0991,,10105,,2160,3840,25,2.61,,0
2025-09-11 13:50:20,0,18657,,0.0350,,0.0991,,10105,,2160,3840,25,2.61,,0
2025-09-11 13:50:21,0,18657,,0.0350,,0.0991,,10105,,2160,3840,25,2.61,,0
2025-09-11 13:50:22,0,18657,,0.0350,,0.0991,,10105,,2160,3840,25,2.61,,0
2025-09-11 13:50:23,0,18657,,0.0350,,0.0991,,10105,,2160,3840,25,2.61,,0
2025-09-11 13:50:24,0,18657,,0.0350,,0.0991,,10105,,2160,3840,25,2.61,,0
2025-09-11 13:50:25,0,18657,,0.0350,,0.0991,,10105,,2160,3840,25,2.61,,0
2025-09-11 13:50:26,0,18657,,0.0350,,0.0991,,10105,,2160,3840,25,2.61,,0
2025-09-11 13:50:27,0,18657,,0.0350,,0.0991,,10105,,2160,3840,25,2.61,,0
2025-09-11 13:50:28,0,18657,,0.0350,,0.0991,,10105,,2160,3840,25,2.61,,0
2025-09-11 13:50:29,0,18657,,0.0350,,0.0991,,10105,,2160,3840,25,2.61,,0
2025-09-11 13:50:30,0,18657,,0.0350,,0.0991,,10105,,2160,3840,25,2.61,,0
2025-09-11 13:50:31,0,18657,,0.0350,,0.0991,,10105,,2160,3840,25,2.61,,0
2025-09-11 13:50:32,0,18657,,0.0350,,0.0991,,10105,,2160,3840,25,2.61,,0
2025-09-11 13:50:33,0,18657,,0.0350,,0.0991,,10105,,2160,3840,25,2.61,,0
2025-09-11 13:50:34,0,18657,,0.0350,,0.0991,,10105,,2160,3840,25,2.61,,0
2025-09-11 13:50:35,0,18657,,0.0350,,0.0991,,10105,,2160,3840,25,2.61,,0
2025-09-11 13:50:36,0,18657,,0.0350,,0.0991,,10105,,2160,3840,25,2.61,,0
2025-09-11 13:50:37,0,18657,,0.0350,,0.0991,,10105,,2160,3840,25,2.61,,0
2025-09-11 13:50:38,0,18657,,0.0350,,0.0991,,10105,,2160,3840,25,2.61,,0
2025-09-11 13:50:39,0,18657,,0.0350,,0.0991,,10105,,2160,3840,25,2.61,,0
2025-09-11 13:50:40,0,18657,,0.0350,,0.0991,,10105,,2160,3840,25,2.61,,0
2025-09-11 13:50:41,0,18657,,0.0350,,0.0991,,10105,,2160,3840,25,2.61,,0
2025-09-11 13:50:42,0,18657,,0.0350,,0.0991,,10105,,2160,3840,25,2.61,,0
2025-09-11 13:50:43,0,18657,,0.0350,,0.0991,,10105,,2160,3840,25,2.61,,0
2025-09-11 13:50:44,0,18657,,0.0350,,0.0991,,10105,,2160,3840,25,2.61,,0
2025-09-11 13:50:45,0,18657,,0.0350,,0.0991,,10105,,2160,3840,25,2.61,,0
2025-09-11 13:50:46,0,18657,,0.0350,,0.0991,,10105,,2160,3840,25,2.61,,0
2025-09-11 13:50:47,0,18657,,0.0350,,0.0991,,10105,,2160,3840,25,2.61,,0
2025-09-11 13:50:48,0,18657,,0.0350,,0.0991,,10105,,2160,3840,25,2.61,,0
2025-09-11 13:50:49,0,18657,,0.0350,,0.0991,,10105,,2160,3840,25,2.61,,0
2025-09-11 13:50:50,0,18657,,0.0350,,0.0991,,10105,,2160,3840,25,2.61,,0
2025-09-11 13:50:51,0,18657,,0.0350,,0.0991,,10105,,2160,3840,25,2.61,,0
2025-09-11 13:50:52,0,18657,,0.0350,,0.0991,,10105,,2160,3840,25,2.61,,0
2025-09-11 13:50:53,0,18657,,0.0350,,0.0991,,10105,,2160,3840,25,2.61,,0
2025-09-11 13:50:54,0,18657,,0.0350,,0.0991,,10105,,2160,3840,25,2.61,,0
2025-09-11 13:50:55,0,18657,,0.0350,,0.0991,,10105,,2160,3840,25,2.61,,0
2025-09-11 13:50:56,0,18657,,0.0350,,0.0991,,10105,,2160,3840,25,2.61,,0
2025-09-11 13:50:57,0,18657,,0.0350,,0.0991,,10105,,2160,3840,25,2.61,,0
2025-09-11 13:50:58,0,18657,,0.0350,,0.0991,,10105,,2160,3840,25,2.61,,0
2025-09-11 13:50:59,0,18657,,0.0350,,0.0991,,10105,,2160,3840,25,2.61,,0
2025-09-11 13:51:00,0,18657,,0.0350,,0.0991,,10105,,2160,3840,25,2.61,,0