"Time","{codecId=""CIT01_122_level-asymmetry-allowed=1;packetization-mode=1;profile-level-id=4d001f"", decoderImplementation=""FFmpeg"", id=""IT01V3066748912"", job=""webrtc-internals-exporter"", kind=""video"", mediaType=""video"", mid=""2"", pageUrl=""https://192.168.14.161:30064/?type=webrtc_360"", peerConnectionId=""43878645-a64a-42f7-b89f-60eaf36ed27a"", powerEfficientDecoder=""false"", trackIdentifier=""6fdc3dac-67f7-4241-a9d4-4549eedc7289"", transportId=""T01"", type=""inbound-rtp""}","{id=""IT01V3066748912"", job=""webrtc-internals-exporter"", kind=""video"", mediaType=""video"", mid=""2"", pageUrl=""https://192.168.14.161:30064/?type=webrtc_360"", peerConnectionId=""43878645-a64a-42f7-b89f-60eaf36ed27a"", trackIdentifier=""6fdc3dac-67f7-4241-a9d4-4549eedc7289"", transportId=""T01"", type=""inbound-rtp""}","{__name__=""inbound_rtp_packetsLost"", codecId=""CIT01_122_level-asymmetry-allowed=1;packetization-mode=1;profile-level-id=4d001f"", decoderImplementation=""FFmpeg"", id=""IT01V3066748912"", job=""webrtc-internals-exporter"", kind=""video"", mediaType=""video"", mid=""2"", pageUrl=""https://192.168.14.161:30064/?type=webrtc_360"", peerConnectionId=""43878645-a64a-42f7-b89f-60eaf36ed27a"", powerEfficientDecoder=""false"", trackIdentifier=""6fdc3dac-67f7-4241-a9d4-4549eedc7289"", transportId=""T01"", type=""inbound-rtp""}","{__name__=""inbound_rtp_packetsLost"", id=""IT01V3066748912"", job=""webrtc-internals-exporter"", kind=""video"", mediaType=""video"", mid=""2"", pageUrl=""https://192.168.14.161:30064/?type=webrtc_360"", peerConnectionId=""43878645-a64a-42f7-b89f-60eaf36ed27a"", trackIdentifier=""6fdc3dac-67f7-4241-a9d4-4549eedc7289"", transportId=""T01"", type=""inbound-rtp""}","{__name__=""inbound_rtp_jitter"", codecId=""CIT01_122_level-asymmetry-allowed=1;packetization-mode=1;profile-level-id=4d001f"", decoderImplementation=""FFmpeg"", id=""IT01V3066748912"", job=""webrtc-internals-exporter"", kind=""video"", mediaType=""video"", mid=""2"", pageUrl=""https://192.168.14.161:30064/?type=webrtc_360"", peerConnectionId=""43878645-a64a-42f7-b89f-60eaf36ed27a"", powerEfficientDecoder=""false"", trackIdentifier=""6fdc3dac-67f7-4241-a9d4-4549eedc7289"", transportId=""T01"", type=""inbound-rtp""}","{__name__=""inbound_rtp_jitter"", id=""IT01V3066748912"", job=""webrtc-internals-exporter"", kind=""video"", mediaType=""video"", mid=""2"", pageUrl=""https://192.168.14.161:30064/?type=webrtc_360"", peerConnectionId=""43878645-a64a-42f7-b89f-60eaf36ed27a"", trackIdentifier=""6fdc3dac-67f7-4241-a9d4-4549eedc7289"", transportId=""T01"", type=""inbound-rtp""}","{codecId=""CIT01_122_level-asymmetry-allowed=1;packetization-mode=1;profile-level-id=4d001f"", decoderImplementation=""FFmpeg"", id=""IT01V3066748912"", job=""webrtc-internals-exporter"", kind=""video"", mediaType=""video"", mid=""2"", pageUrl=""https://192.168.14.161:30064/?type=webrtc_360"", peerConnectionId=""43878645-a64a-42f7-b89f-60eaf36ed27a"", powerEfficientDecoder=""false"", trackIdentifier=""6fdc3dac-67f7-4241-a9d4-4549eedc7289"", transportId=""T01"", type=""inbound-rtp""}","{id=""IT01V3066748912"", job=""webrtc-internals-exporter"", kind=""video"", mediaType=""video"", mid=""2"", pageUrl=""https://192.168.14.161:30064/?type=webrtc_360"", peerConnectionId=""43878645-a64a-42f7-b89f-60eaf36ed27a"", trackIdentifier=""6fdc3dac-67f7-4241-a9d4-4549eedc7289"", transportId=""T01"", type=""inbound-rtp""}","{__name__=""inbound_rtp_framesDecoded"", codecId=""CIT01_122_level-asymmetry-allowed=1;packetization-mode=1;profile-level-id=4d001f"", decoderImplementation=""FFmpeg"", id=""IT01V3066748912"", job=""webrtc-internals-exporter"", kind=""video"", mediaType=""video"", mid=""2"", pageUrl=""https://192.168.14.161:30064/?type=webrtc_360"", peerConnectionId=""43878645-a64a-42f7-b89f-60eaf36ed27a"", powerEfficientDecoder=""false"", trackIdentifier=""6fdc3dac-67f7-4241-a9d4-4549eedc7289"", transportId=""T01"", type=""inbound-rtp""}","{__name__=""inbound_rtp_framesDecoded"", id=""IT01V3066748912"", job=""webrtc-internals-exporter"", kind=""video"", mediaType=""video"", mid=""2"", pageUrl=""https://192.168.14.161:30064/?type=webrtc_360"", peerConnectionId=""43878645-a64a-42f7-b89f-60eaf36ed27a"", trackIdentifier=""6fdc3dac-67f7-4241-a9d4-4549eedc7289"", transportId=""T01"", type=""inbound-rtp""}","{__name__=""inbound_rtp_frameHeight"", codecId=""CIT01_122_level-asymmetry-allowed=1;packetization-mode=1;profile-level-id=4d001f"", decoderImplementation=""FFmpeg"", id=""IT01V3066748912"", job=""webrtc-internals-exporter"", kind=""video"", mediaType=""video"", mid=""2"", pageUrl=""https://192.168.14.161:30064/?type=webrtc_360"", peerConnectionId=""43878645-a64a-42f7-b89f-60eaf36ed27a"", powerEfficientDecoder=""false"", trackIdentifier=""6fdc3dac-67f7-4241-a9d4-4549eedc7289"", transportId=""T01"", type=""inbound-rtp""}","{__name__=""inbound_rtp_frameWidth"", codecId=""CIT01_122_level-asymmetry-allowed=1;packetization-mode=1;profile-level-id=4d001f"", decoderImplementation=""FFmpeg"", id=""IT01V3066748912"", job=""webrtc-internals-exporter"", kind=""video"", mediaType=""video"", mid=""2"", pageUrl=""https://192.168.14.161:30064/?type=webrtc_360"", peerConnectionId=""43878645-a64a-42f7-b89f-60eaf36ed27a"", powerEfficientDecoder=""false"", trackIdentifier=""6fdc3dac-67f7-4241-a9d4-4549eedc7289"", transportId=""T01"", type=""inbound-rtp""}","{__name__=""inbound_rtp_framesPerSecond"", codecId=""CIT01_122_level-asymmetry-allowed=1;packetization-mode=1;profile-level-id=4d001f"", decoderImplementation=""FFmpeg"", id=""IT01V3066748912"", job=""webrtc-internals-exporter"", kind=""video"", mediaType=""video"", mid=""2"", pageUrl=""https://192.168.14.161:30064/?type=webrtc_360"", peerConnectionId=""43878645-a64a-42f7-b89f-60eaf36ed27a"", powerEfficientDecoder=""false"", trackIdentifier=""6fdc3dac-67f7-4241-a9d4-4549eedc7289"", transportId=""T01"", type=""inbound-rtp""}","{__name__=""inbound_rtp_totalFreezesDuration"", codecId=""CIT01_122_level-asymmetry-allowed=1;packetization-mode=1;profile-level-id=4d001f"", decoderImplementation=""FFmpeg"", id=""IT01V3066748912"", job=""webrtc-internals-exporter"", kind=""video"", mediaType=""video"", mid=""2"", pageUrl=""https://192.168.14.161:30064/?type=webrtc_360"", peerConnectionId=""43878645-a64a-42f7-b89f-60eaf36ed27a"", powerEfficientDecoder=""false"", trackIdentifier=""6fdc3dac-67f7-4241-a9d4-4549eedc7289"", transportId=""T01"", type=""inbound-rtp""}","{__name__=""inbound_rtp_totalFreezesDuration"", id=""IT01V3066748912"", job=""webrtc-internals-exporter"", kind=""video"", mediaType=""video"", mid=""2"", pageUrl=""https://192.168.14.161:30064/?type=webrtc_360"", peerConnectionId=""43878645-a64a-42f7-b89f-60eaf36ed27a"", trackIdentifier=""6fdc3dac-67f7-4241-a9d4-4549eedc7289"", transportId=""T01"", type=""inbound-rtp""}","{codecId=""CIT01_122_level-asymmetry-allowed=1;packetization-mode=1;profile-level-id=4d001f"", decoderImplementation=""FFmpeg"", id=""IT01V3066748912"", job=""webrtc-internals-exporter"", kind=""video"", mediaType=""video"", mid=""2"", pageUrl=""https://192.168.14.161:30064/?type=webrtc_360"", peerConnectionId=""43878645-a64a-42f7-b89f-60eaf36ed27a"", powerEfficientDecoder=""false"", trackIdentifier=""6fdc3dac-67f7-4241-a9d4-4549eedc7289"", transportId=""T01"", type=""inbound-rtp""}","{id=""IT01V3066748912"", job=""webrtc-internals-exporter"", kind=""video"", mediaType=""video"", mid=""2"", pageUrl=""https://192.168.14.161:30064/?type=webrtc_360"", peerConnectionId=""43878645-a64a-42f7-b89f-60eaf36ed27a"", trackIdentifier=""6fdc3dac-67f7-4241-a9d4-4549eedc7289"", transportId=""T01"", type=""inbound-rtp""}"
2025-09-08 13:46:55,,,,0,,0,,NaN,,0,,,,,0,,
2025-09-08 13:46:56,,17589,,0,,0,,NaN,,0,,,,,0,,2.33
2025-09-08 13:46:57,,14154,0,,0.0130,,0.239,,4,,2160,3840,7,0,,,1.88
2025-09-08 13:46:58,21940274,14154,0,,0.0400,,0.216,,13,,2160,3840,9,0,,2343,1.88
2025-09-08 13:46:59,20697309,,0,,0.0280,,0.276,,52,,2160,3840,39,0,,2218,
2025-09-08 13:47:00,19854256,,0,,0.0170,,0.275,,86,,2160,3840,34,0,,2127,
2025-09-08 13:47:01,16422813,,0,,0.0270,,0.239,,109,,2160,3840,23,0,,1761,
2025-09-08 13:47:02,19572021,,0,,0.0360,,0.213,,132,,2160,3840,23,0,,2092,
2025-09-08 13:47:03,21053123,,0,,0.0220,,0.198,,156,,2160,3840,24,0,,2250,
2025-09-08 13:47:04,17250141,,0,,0.0120,,0.186,,181,,2160,3840,25,0,,1846,
2025-09-08 13:47:05,13971603,,0,,0.0200,,0.177,,206,,2160,3840,25,0,,1498,
2025-09-08 13:47:06,13141117,,0,,0.0170,,0.172,,230,,2160,3840,24,0,,1408,
2025-09-08 13:47:07,11536509,,0,,0.0120,,0.179,,247,,2160,3840,17,0.344,,1235,
2025-09-08 13:47:08,7537344,,0,,0.0110,,0.187,,273,,2160,3840,26,0.344,,807,
2025-09-08 13:47:09,5233696,,0,,0.00900,,0.191,,298,,2160,3840,25,0.344,,560,
2025-09-08 13:47:10,5530421,,0,,0.0120,,0.191,,324,,2160,3840,26,0.344,,592,
2025-09-08 13:47:11,5531859,,0,,0.00900,,0.189,,349,,2160,3840,25,0.344,,593,
2025-09-08 13:47:12,5535725,,0,,0.0100,,0.187,,373,,2160,3840,24,0.344,,595,
2025-09-08 13:47:13,5468256,,0,,0.00900,,0.184,,398,,2160,3840,25,0.344,,588,
2025-09-08 13:47:14,5391672,,0,,0.00800,,0.182,,421,,2160,3840,23,0.344,,580,
2025-09-08 13:47:15,5477085,,0,,0.0110,,0.184,,442,,2160,3840,21,0.563,,590,
2025-09-08 13:47:16,5427184,,0,,0.0100,,0.190,,465,,2160,3840,23,0.563,,585,
2025-09-08 13:47:17,5726016,,0,,0.0100,,0.195,,491,,2160,3840,26,0.563,,619,
2025-09-08 13:47:18,6750331,,0,,0.0110,,0.195,,519,,2160,3840,28,0.563,,728,
2025-09-08 13:47:19,6503056,,0,,0.00900,,0.194,,545,,2160,3840,26,0.563,,703,
2025-09-08 13:47:20,5502256,,0,,0.0100,,0.192,,571,,2160,3840,26,0.563,,597,
2025-09-08 13:47:21,3758347,,0,,0.00900,,0.189,,595,,2160,3840,24,0.563,,412,
2025-09-08 13:47:22,3368085,,0,,0.00800,,0.187,,618,,2160,3840,23,0.563,,371,
2025-09-08 13:47:23,3464555,,0,,0.00900,,0.184,,643,,2160,3840,25,0.563,,381,
2025-09-08 13:47:24,3617296,,0,,0.00800,,0.181,,665,,2160,3840,22,0.563,,397,
2025-09-08 13:47:25,3585549,,0,,0.0100,,0.180,,685,,2160,3840,20,0.563,,392,
2025-09-08 13:47:26,3531315,,0,,0.00800,,0.182,,709,,2160,3840,24,0.563,,384,
2025-09-08 13:47:27,4246904,,0,,0.00900,,0.182,,730,,2160,3840,21,0.563,,460,
2025-09-08 13:47:28,5633051,,0,,0.0110,,0.183,,754,,2160,3840,24,0.563,,609,
2025-09-08 13:47:29,5296325,,0,,0.00900,,0.183,,779,,2160,3840,25,0.563,,574,
2025-09-08 13:47:30,4139411,,0,,0.0110,,0.182,,806,,2160,3840,27,0.563,,452,
2025-09-08 13:47:31,2472829,,0,,0.00800,,0.180,,832,,2160,3840,26,0.563,,274,
2025-09-08 13:47:32,2396752,,0,,0.00800,,0.178,,855,,2160,3840,23,0.563,,266,
2025-09-08 13:47:33,2225717,,0,,0.00700,,0.176,,879,,2160,3840,24,0.563,,247,
2025-09-08 13:47:34,2152624,,0,,0.00800,,0.174,,903,,2160,3840,24,0.563,,239,
2025-09-08 13:47:35,2097224,,0,,0.00900,,0.171,,926,,2160,3840,23,0.563,,233,
2025-09-08 13:47:36,2091341,,0,,0.00600,,0.169,,949,,2160,3840,23,0.563,,232,
2025-09-08 13:47:37,2077256,,0,,0.00600,,0.167,,972,,2160,3840,23,0.563,,230,
2025-09-08 13:47:38,2165104,,0,,0.00800,,0.165,,997,,2160,3840,25,0.563,,240,
2025-09-08 13:47:39,2217195,,0,,0.00800,,0.165,,1020,,2160,3840,23,0.563,,246,
2025-09-08 13:47:40,2286819,,0,,0.00900,,0.165,,1045,,2160,3840,25,0.563,,254,
2025-09-08 13:47:41,2219176,,0,,0.00600,,0.165,,1069,,2160,3840,24,0.563,,246,
2025-09-08 13:47:42,2165595,,0,,0.00800,,0.164,,1092,,2160,3840,23,0.563,,240,
2025-09-08 13:47:43,2105773,,0,,0.00800,,0.164,,1117,,2160,3840,25,0.563,,233,
2025-09-08 13:47:44,2170221,,0,,0.00600,,0.163,,1142,,2160,3840,25,0.563,,241,
2025-09-08 13:47:45,2197184,,0,,0.00900,,0.162,,1166,,2160,3840,24,0.563,,244,
2025-09-08 13:47:46,2165696,,0,,0.00700,,0.162,,1189,,2160,3840,23,0.563,,240,
2025-09-08 13:47:47,2108283,,0,,0.00500,,0.161,,1212,,2160,3840,23,0.563,,234,
2025-09-08 13:47:48,2106387,,0,,0.00600,,0.160,,1236,,2160,3840,24,0.563,,233,
2025-09-08 13:47:49,2136152,,0,,0.00900,,0.159,,1260,,2160,3840,24,0.563,,237,
2025-09-08 13:47:50,2197307,,0,,0.0100,,0.158,,1285,,2160,3840,25,0.563,,244,
2025-09-08 13:47:51,2226707,,0,,0.00900,,0.157,,1310,,2160,3840,25,0.563,,247,
2025-09-08 13:47:52,2199219,,0,,0.00700,,0.156,,1333,,2160,3840,23,0.563,,244,
2025-09-08 13:47:53,2196667,,0,,0.00600,,0.156,,1358,,2160,3840,25,0.563,,243,
2025-09-08 13:47:54,2166883,,0,,0.00600,,0.155,,1382,,2160,3840,24,0.563,,240,
2025-09-08 13:47:55,2196752,,0,,0.0100,,0.154,,1406,,2160,3840,24,0.563,,244,
2025-09-08 13:47:56,2135320,,0,,0.00800,,0.153,,1429,,2160,3840,23,0.563,,237,
2025-09-08 13:47:57,2137125,,0,,0.00700,,0.153,,1453,,2160,3840,24,0.563,,237,
2025-09-08 13:47:58,2131005,,0,,0.00700,,0.152,,1477,,2160,3840,24,0.563,,236,
2025-09-08 13:47:59,2165077,,0,,0.00700,,0.151,,1501,,2160,3840,24,0.563,,240,
2025-09-08 13:48:00,2135251,,0,,0.00900,,0.151,,1524,,2160,3840,23,0.563,,237,
2025-09-08 13:48:01,2139301,,0,,0.00800,,0.150,,1548,,2160,3840,24,0.563,,237,
2025-09-08 13:48:02,2102379,,0,,0.00700,,0.150,,1571,,2160,3840,23,0.563,,233,
2025-09-08 13:48:03,2105288,,0,,0.00600,,0.149,,1594,,2160,3840,23,0.563,,233,
2025-09-08 13:48:04,2106000,,0,,0.00600,,0.149,,1618,,2160,3840,24,0.563,,233,
2025-09-08 13:48:05,2112691,,0,,0.00800,,0.149,,1641,,2160,3840,23,0.563,,234,
2025-09-08 13:48:06,2137733,,0,,0.00700,,0.148,,1664,,2160,3840,23,0.563,,237,
2025-09-08 13:48:07,2168619,,0,,0.00700,,0.148,,1689,,2160,3840,25,0.563,,240,
2025-09-08 13:48:08,2194667,,0,,0.00900,,0.148,,1713,,2160,3840,24,0.563,,243,
2025-09-08 13:48:09,2166021,,0,,0.00700,,0.147,,1737,,2160,3840,24,0.563,,240,
2025-09-08 13:48:10,2106389,,0,,0.0100,,0.147,,1760,,2160,3840,23,0.563,,234,
2025-09-08 13:48:11,2077384,,0,,0.00700,,0.147,,1783,,2160,3840,23,0.563,,230,
2025-09-08 13:48:12,2159395,,0,,0.00600,,0.147,,1808,,2160,3840,25,0.563,,239,
2025-09-08 13:48:13,2194949,,0,,0.00700,,0.146,,1833,,2160,3840,25,0.563,,243,
2025-09-08 13:48:14,2196435,,0,,0.00700,,0.146,,1856,,2160,3840,23,0.563,,243,
2025-09-08 13:48:15,2174368,,0,,0.00900,,0.146,,1880,,2160,3840,24,0.563,,241,
2025-09-08 13:48:16,2224475,,0,,0.00700,,0.146,,1906,,2160,3840,26,0.563,,247,
2025-09-08 13:48:17,2225589,,0,,0.00600,,0.146,,1930,,2160,3840,24,0.563,,247,
2025-09-08 13:48:18,2164155,,0,,0.00800,,0.146,,1953,,2160,3840,23,0.563,,240,
2025-09-08 13:48:19,2109424,,0,,0.00600,,0.146,,1977,,2160,3840,24,0.563,,233,
2025-09-08 13:48:20,2136587,,0,,0.00900,,0.146,,2000,,2160,3840,23,0.563,,237,
2025-09-08 13:48:21,2167093,,0,,0.00700,,0.146,,2025,,2160,3840,25,0.563,,240,
2025-09-08 13:48:22,2167072,,0,,0.00900,,0.146,,2049,,2160,3840,24,0.563,,240,
2025-09-08 13:48:23,2166027,,0,,0.00800,,0.145,,2073,,2160,3840,24,0.563,,240,
2025-09-08 13:48:24,2165168,,0,,0.00900,,0.145,,2096,,2160,3840,23,0.563,,240,
2025-09-08 13:48:25,2159688,,0,,0.0110,,0.145,,2120,,2160,3840,24,0.563,,240,
2025-09-08 13:48:26,2158317,,0,,0.00700,,0.145,,2144,,2160,3840,24,0.563,,239,
2025-09-08 13:48:27,2169411,,0,,0.00800,,0.145,,2168,,2160,3840,24,0.563,,241,
2025-09-08 13:48:28,2141499,,0,,0.00700,,0.145,,2192,,2160,3840,24,0.563,,237,
2025-09-08 13:48:29,2206923,,0,,0.00600,,0.145,,2217,,2160,3840,25,0.563,,244,
2025-09-08 13:48:30,2227061,,0,,0.00900,,0.145,,2243,,2160,3840,26,0.563,,247,
2025-09-08 13:48:31,2315573,,0,,0.00900,,0.145,,2269,,2160,3840,26,0.563,,257,
2025-09-08 13:48:32,2015933,,0,,0.00600,,0.145,,2292,,2160,3840,23,0.563,,224,
2025-09-08 13:48:33,1970200,,0,,0.00700,,0.145,,2318,,2160,3840,26,0.563,,218,
2025-09-08 13:48:34,1848096,,0,,0.00800,,0.145,,2342,,2160,3840,24,0.563,,204,
2025-09-08 13:48:35,2018899,,0,,0.00900,,0.145,,2366,,2160,3840,24,0.563,,222,
2025-09-08 13:48:36,1967443,,0,,0.0100,,0.145,,2390,,2160,3840,24,0.563,,216,
2025-09-08 13:48:37,1965421,,0,,0.0100,,0.145,,2415,,2160,3840,25,0.563,,216,
2025-09-08 13:48:38,1991072,,0,,0.00900,,0.145,,2439,,2160,3840,24,0.563,,219,
2025-09-08 13:48:39,1993304,,0,,0.00800,,0.145,,2463,,2160,3840,24,0.563,,219,
2025-09-08 13:48:40,1964448,,0,,0.0110,,0.145,,2486,,2160,3840,23,0.563,,216,
2025-09-08 13:48:41,1939973,,0,,0.00900,,0.145,,2510,,2160,3840,24,0.563,,213,
2025-09-08 13:48:42,1910955,,0,,0.00700,,0.145,,2533,,2160,3840,23,0.563,,210,
2025-09-08 13:48:43,1939941,,0,,0.00700,,0.145,,2557,,2160,3840,24,0.563,,213,
2025-09-08 13:48:44,1913235,,0,,0.00800,,0.145,,2580,,2160,3840,23,0.563,,210,
2025-09-08 13:48:45,1912869,,0,,0.0100,,0.145,,2604,,2160,3840,24,0.563,,210,
2025-09-08 13:48:46,1914696,,0,,0.00800,,0.145,,2627,,2160,3840,23,0.563,,210,
2025-09-08 13:48:47,1939909,,0,,0.00800,,0.145,,2651,,2160,3840,24,0.563,,213,
2025-09-08 13:48:48,1940032,,0,,0.00700,,0.145,,2675,,2160,3840,24,0.563,,213,
2025-09-08 13:48:49,1964283,,0,,0.00900,,0.145,,2699,,2160,3840,24,0.563,,216,
2025-09-08 13:48:50,1940069,,0,,0.0110,,0.145,,2723,,2160,3840,24,0.563,,213,
2025-09-08 13:48:51,1969285,,0,,0.00800,,0.145,,2746,,2160,3840,23,0.563,,216,
2025-09-08 13:48:52,1914157,,0,,0.00800,,0.145,,2769,,2160,3840,23,0.563,,211,
2025-09-08 13:48:53,1912720,,0,,0.00600,,0.146,,2793,,2160,3840,24,0.563,,210,
2025-09-08 13:48:54,1887821,,0,,0.00700,,0.146,,2816,,2160,3840,23,0.563,,207,
2025-09-08 13:48:55,1938363,,0,,0.0110,,0.146,,2841,,2160,3840,25,0.563,,213,
2025-09-08 13:48:56,1966181,,0,,0.00900,,0.146,,2865,,2160,3840,24,0.563,,216,
2025-09-08 13:48:57,1986541,,0,,0.00700,,0.146,,2888,,2160,3840,23,0.563,,219,
2025-09-08 13:48:58,1939424,,0,,0.00800,,0.146,,2912,,2160,3840,24,0.563,,213,
2025-09-08 13:48:59,1938605,,0,,0.00700,,0.146,,2936,,2160,3840,24,0.563,,213,
2025-09-08 13:49:00,1942597,,0,,0.00900,,0.146,,2960,,2160,3840,24,0.563,,214,
2025-09-08 13:49:01,1965787,,0,,0.00900,,0.146,,2983,,2160,3840,23,0.563,,216,
2025-09-08 13:49:02,1935715,,0,,0.00700,,0.146,,3007,,2160,3840,24,0.563,,213,
2025-09-08 13:49:03,1934424,,0,,0.00700,,0.146,,3030,,2160,3840,23,0.563,,213,
2025-09-08 13:49:04,1883187,,0,,0.00800,,0.146,,3053,,2160,3840,23,0.563,,207,
2025-09-08 13:49:05,1885395,,0,,0.0100,,0.146,,3076,,2160,3840,23,0.563,,207,
2025-09-08 13:49:06,1886957,,0,,0.00900,,0.146,,3100,,2160,3840,24,0.563,,207,
2025-09-08 13:49:07,1911323,,0,,0.00800,,0.146,,3123,,2160,3840,23,0.563,,210,
2025-09-08 13:49:08,1940752,,0,,0.00700,,0.146,,3146,,2160,3840,23,0.563,,213,
2025-09-08 13:49:09,1910675,,0,,0.00800,,0.146,,3170,,2160,3840,24,0.563,,210,
2025-09-08 13:49:10,1939776,,0,,0.00900,,0.146,,3193,,2160,3840,23,0.563,,213,
2025-09-08 13:49:11,1911029,,0,,0.00800,,0.146,,3217,,2160,3840,24,0.563,,210,
2025-09-08 13:49:12,1935413,,0,,0.00700,,0.146,,3240,,2160,3840,23,0.563,,213,
2025-09-08 13:49:13,1913272,,0,,0.00800,,0.146,,3264,,2160,3840,24,0.563,,210,
2025-09-08 13:49:14,1989637,,0,,0.00900,,0.146,,3289,,2160,3840,25,0.563,,219,
2025-09-08 13:49:15,1969717,,0,,0.00900,,0.146,,3313,,2160,3840,24,0.563,,217,
2025-09-08 13:49:16,1992824,,0,,0.00700,,0.146,,3336,,2160,3840,23,0.563,,219,
2025-09-08 13:49:17,1938368,,0,,0.00900,,0.146,,3360,,2160,3840,24,0.563,,213,
2025-09-08 13:49:18,1964272,,0,,0.00800,,0.146,,3384,,2160,3840,24,0.563,,216,
2025-09-08 13:49:19,1965291,,0,,0.00900,,0.146,,3408,,2160,3840,24,0.563,,216,
2025-09-08 13:49:20,1968709,,0,,0.00700,,0.146,,3432,,2160,3840,24,0.563,,216,
2025-09-08 13:49:21,1967056,,0,,0.00900,,0.146,,3456,,2160,3840,24,0.563,,217,
2025-09-08 13:49:22,1962200,,0,,0.00800,,0.146,,3480,,2160,3840,24,0.563,,216,
2025-09-08 13:49:23,1943117,,0,,0.00800,,0.146,,3504,,2160,3840,24,0.563,,214,
2025-09-08 13:49:24,1966259,,0,,0.00800,,0.146,,3528,,2160,3840,24,0.563,,216,
2025-09-08 13:49:25,1996587,,0,,0.00800,,0.146,,3553,,2160,3840,25,0.563,,219,
2025-09-08 13:49:26,2043467,,0,,0.00800,,0.146,,3578,,2160,3840,25,0.563,,225,
2025-09-08 13:49:27,2045501,,0,,0.00800,,0.146,,3602,,2160,3840,24,0.563,,225,
2025-09-08 13:49:28,2020299,,0,,0.00800,,0.146,,3627,,2160,3840,25,0.563,,222,
2025-09-08 13:49:29,1992896,,0,,0.00800,,0.146,,3651,,2160,3840,24,0.563,,219,
2025-09-08 13:49:30,1968027,,0,,0.00800,,0.146,,3675,,2160,3840,24,0.563,,216,
2025-09-08 13:49:31,1964184,,0,,0.00800,,0.146,,3699,,2160,3840,24,0.563,,216,
2025-09-08 13:49:32,1938163,,0,,0.00800,,0.146,,3723,,2160,3840,24,0.563,,213,
2025-09-08 13:49:33,1939032,,0,,0.00800,,0.146,,3746,,2160,3840,23,0.563,,213,
2025-09-08 13:49:34,1966629,,0,,0.00800,,0.146,,3771,,2160,3840,25,0.563,,216,
2025-09-08 13:49:35,1995091,,0,,0.00700,,0.146,,3795,,2160,3840,24,0.563,,219,
2025-09-08 13:49:36,1965989,,0,,0.00800,,0.146,,3818,,2160,3840,23,0.563,,216,
2025-09-08 13:49:37,1918979,,0,,0.00700,,0.146,,3842,,2160,3840,24,0.563,,211,
2025-09-08 13:49:38,1940141,,0,,0.00900,,0.146,,3866,,2160,3840,24,0.563,,213,
2025-09-08 13:49:39,1993915,,0,,0.00800,,0.146,,3891,,2160,3840,25,0.563,,219,
2025-09-08 13:49:40,2016669,,0,,0.00700,,0.146,,3916,,2160,3840,25,0.563,,221,
2025-09-08 13:49:41,2020677,,0,,0.00800,,0.146,,3940,,2160,3840,24,0.563,,222,
2025-09-08 13:49:42,1967651,,0,,0.0100,,0.146,,3963,,2160,3840,23,0.563,,216,
2025-09-08 13:49:43,1993877,,0,,0.00900,,0.146,,3988,,2160,3840,25,0.563,,219,
2025-09-08 13:49:44,1992725,,0,,0.00800,,0.146,,4013,,2160,3840,25,0.563,,219,
2025-09-08 13:49:45,2047035,,0,,0.00900,,0.146,,4038,,2160,3840,25,0.563,,225,
2025-09-08 13:49:46,2017608,,0,,0.00800,,0.146,,4062,,2160,3840,24,0.563,,222,
2025-09-08 13:49:47,2019653,,0,,0.00600,,0.146,,4087,,2160,3840,25,0.563,,222,
2025-09-08 13:49:48,1992861,,0,,0.00800,,0.146,,4111,,2160,3840,24,0.563,,219,
2025-09-08 13:49:49,1991595,,0,,0.0100,,0.146,,4135,,2160,3840,24,0.563,,219,
2025-09-08 13:49:50,1966267,,0,,0.00800,,0.146,,4159,,2160,3840,24,0.563,,216,
2025-09-08 13:49:51,1936221,,0,,0.00800,,0.146,,4183,,2160,3840,24,0.563,,213,
2025-09-08 13:49:52,1941293,,0,,0.00700,,0.146,,4206,,2160,3840,23,0.563,,213,
2025-09-08 13:49:53,1915035,,0,,0.00700,,0.146,,4230,,2160,3840,24,0.563,,211,
2025-09-08 13:49:54,1940008,,0,,0.00800,,0.146,,4253,,2160,3840,23,0.563,,213,
2025-09-08 13:49:55,1939517,,0,,0.00800,,0.146,,4278,,2160,3840,25,0.563,,213,
2025-09-08 13:49:56,1963275,,0,,0.00700,,0.146,,4301,,2160,3840,23,0.563,,216,
2025-09-08 13:49:57,1969043,,0,,0.00800,,0.146,,4325,,2160,3840,24,0.563,,216,
2025-09-08 13:49:58,1966840,,0,,0.00800,,0.146,,4349,,2160,3840,24,0.563,,216,
2025-09-08 13:49:59,1965811,,0,,0.00700,,0.146,,4373,,2160,3840,24,0.563,,216,
2025-09-08 13:50:00,1941643,,0,,0.00800,,0.146,,4397,,2160,3840,24,0.563,,213,
2025-09-08 13:50:01,1963379,,0,,0.00900,,0.146,,4422,,2160,3840,25,0.563,,216,
2025-09-08 13:50:02,1966928,,0,,0.00800,,0.146,,4445,,2160,3840,23,0.563,,216,
2025-09-08 13:50:03,1991912,,0,,0.00700,,0.146,,4470,,2160,3840,25,0.563,,219,
2025-09-08 13:50:04,2047323,,0,,0.00700,,0.146,,4497,,2160,3840,27,0.563,,225,
2025-09-08 13:50:05,1994133,,0,,0.00700,,0.146,,4520,,2160,3840,23,0.563,,219,
2025-09-08 13:50:06,1988051,,0,,0.00900,,0.146,,4543,,2160,3840,23,0.563,,219,
2025-09-08 13:50:07,1913203,,0,,0.00700,,0.146,,4566,,2160,3840,23,0.563,,210,
2025-09-08 13:50:08,1935624,,0,,0.00800,,0.146,,4590,,2160,3840,24,0.563,,213,
2025-09-08 13:50:09,1939475,,0,,0.00600,,0.146,,4614,,2160,3840,24,0.563,,213,
2025-09-08 13:50:10,1920139,,0,,0.00700,,0.146,,4638,,2160,3840,24,0.563,,211,
2025-09-08 13:50:11,1939397,,0,,0.00700,,0.145,,4661,,2160,3840,23,0.563,,213,
2025-09-08 13:50:12,1942029,,0,,0.00700,,0.145,,4685,,2160,3840,24,0.563,,213,
2025-09-08 13:50:13,1931024,,0,,0.00800,,0.145,,4708,,2160,3840,23,0.563,,212,
2025-09-08 13:50:14,1914285,,0,,0.00800,,0.145,,4731,,2160,3840,23,0.563,,210,
2025-09-08 13:50:15,1910997,,0,,0.00700,,0.145,,4755,,2160,3840,24,0.563,,210,
2025-09-08 13:50:16,1912379,,0,,0.00900,,0.145,,4778,,2160,3840,23,0.563,,210,
2025-09-08 13:50:17,1912576,,0,,0.0100,,0.145,,4801,,2160,3840,23,0.563,,210,
2025-09-08 13:50:18,1884685,,0,,0.00900,,0.145,,4824,,2160,3840,23,0.563,,207,
2025-09-08 13:50:19,1913821,,0,,0.00900,,0.145,,4848,,2160,3840,24,0.563,,210,
2025-09-08 13:50:20,1965725,,0,,0.00700,,0.145,,4873,,2160,3840,25,0.563,,216,
2025-09-08 13:50:21,2020296,,0,,0.00800,,0.145,,4898,,2160,3840,25,0.563,,222,
2025-09-08 13:50:22,2019136,,0,,0.00900,,0.145,,4922,,2160,3840,24,0.563,,222,
2025-09-08 13:50:23,1963789,,0,,0.00700,,0.145,,4945,,2160,3840,23,0.563,,216,
2025-09-08 13:50:24,1885043,,0,,0.00700,,0.145,,4967,,2160,3840,22,0.563,,207,
2025-09-08 13:50:25,1882973,,0,,0.00700,,0.145,,4990,,2160,3840,23,0.563,,207,
2025-09-08 13:50:26,1911408,,0,,0.00900,,0.145,,5015,,2160,3840,25,0.563,,210,
2025-09-08 13:50:27,1964688,,0,,0.00900,,0.144,,5039,,2160,3840,24,0.563,,216,
2025-09-08 13:50:28,1964181,,0,,0.00700,,0.144,,5063,,2160,3840,24,0.563,,216,
2025-09-08 13:50:29,1993280,,0,,0.00700,,0.144,,5088,,2160,3840,25,0.563,,219,
2025-09-08 13:50:30,2072413,,0,,0.00600,,0.144,,5114,,2160,3840,26,0.563,,228,
2025-09-08 13:50:31,2070003,,0,,0.00700,,0.144,,5140,,2160,3840,26,0.563,,228,
2025-09-08 13:50:32,1671675,,0,,0.00600,,0.144,,5164,,2160,3840,24,0.563,,187,
2025-09-08 13:50:33,1591259,,0,,0.00700,,0.144,,5187,,2160,3840,23,0.563,,178,
2025-09-08 13:50:34,1623037,,0,,0.00700,,0.144,,5212,,2160,3840,25,0.563,,181,
2025-09-08 13:50:35,1990984,,0,,0.00900,,0.144,,5237,,2160,3840,25,0.563,,219,
2025-09-08 13:50:36,1992645,,0,,0.00900,,0.144,,5261,,2160,3840,24,0.563,,219,
2025-09-08 13:50:37,1965680,,0,,0.00800,,0.144,,5285,,2160,3840,24,0.563,,216,
2025-09-08 13:50:38,1966536,,0,,0.00800,,0.144,,5309,,2160,3840,24,0.563,,216,
2025-09-08 13:50:39,1939432,,0,,0.00900,,0.144,,5332,,2160,3840,23,0.563,,213,
2025-09-08 13:50:40,1937528,,0,,0.00800,,0.144,,5355,,2160,3840,23,0.563,,213,
2025-09-08 13:50:41,1939232,,0,,0.00800,,0.144,,5379,,2160,3840,24,0.563,,213,
2025-09-08 13:50:42,1937296,,0,,0.00700,,0.143,,5403,,2160,3840,24,0.563,,213,
2025-09-08 13:50:43,1964661,,0,,0.0100,,0.143,,5427,,2160,3840,24,0.563,,216,
2025-09-08 13:50:44,1963936,,0,,0.00600,,0.143,,5452,,2160,3840,25,0.563,,216,
2025-09-08 13:50:45,2005411,,0,,0.00700,,0.143,,5476,,2160,3840,24,0.563,,221,
2025-09-08 13:50:46,1993104,,0,,0.00900,,0.143,,5500,,2160,3840,24,0.563,,219,
2025-09-08 13:50:47,1966896,,0,,0.00800,,0.143,,5525,,2160,3840,25,0.563,,217,
2025-09-08 13:50:48,1977323,,0,,0.00900,,0.143,,5549,,2160,3840,24,0.563,,218,
2025-09-08 13:50:49,1967245,,0,,0.00900,,0.143,,5573,,2160,3840,24,0.563,,216,
2025-09-08 13:50:50,2045304,,0,,0.00800,,0.143,,5599,,2160,3840,26,0.563,,225,
2025-09-08 13:50:51,2047256,,0,,0.0100,,0.143,,5623,,2160,3840,24,0.563,,225,
2025-09-08 13:50:52,2042283,,0,,0.00900,,0.143,,5648,,2160,3840,25,0.563,,225,
2025-09-08 13:50:53,1990008,,0,,0.00800,,0.143,,5671,,2160,3840,23,0.563,,219,
2025-09-08 13:50:54,1637221,,0,,0.00800,,0.143,,5687,,2160,3840,16,0.563,,180,
2025-09-08 13:50:55,983168,,0,,0.00800,,0.143,,5687,,2160,3840,16,0.563,,108,
2025-09-08 13:50:56,328312,,0,,0.00800,,0.143,,5687,,2160,3840,16,0.563,,36,
2025-09-08 13:50:57,0,,0,,0.00800,,0.143,,5687,,2160,3840,16,0.563,,0,
2025-09-08 13:50:58,0,,0,,0.00800,,0.143,,5687,,2160,3840,16,0.563,,0,
2025-09-08 13:50:59,0,,0,,0.00800,,0.143,,5687,,2160,3840,16,0.563,,0,
2025-09-08 13:51:00,0,,0,,0.00800,,0.143,,5687,,2160,3840,16,0.563,,0,
2025-09-08 13:51:01,0,,0,,0.00800,,0.143,,5687,,2160,3840,16,0.563,,0,
2025-09-08 13:51:02,0,,0,,0.00800,,0.143,,5687,,2160,3840,16,0.563,,0,
2025-09-08 13:51:03,0,,0,,0.00800,,0.143,,5687,,2160,3840,16,0.563,,0,
2025-09-08 13:51:04,0,,0,,0.00800,,0.143,,5687,,2160,3840,16,0.563,,0,
2025-09-08 13:51:05,0,,0,,0.00800,,0.143,,5687,,2160,3840,16,0.563,,0,
2025-09-08 13:51:06,0,,0,,0.00800,,0.143,,5687,,2160,3840,16,0.563,,0,
2025-09-08 13:51:07,0,,0,,0.00800,,0.143,,5687,,2160,3840,16,0.563,,0,
2025-09-08 13:51:08,0,,0,,0.00800,,0.143,,5687,,2160,3840,16,0.563,,0,
2025-09-08 13:51:09,0,,0,,0.00800,,0.143,,5687,,2160,3840,16,0.563,,0,
2025-09-08 13:51:10,0,,0,,0.00800,,0.143,,5687,,2160,3840,16,0.563,,0,
2025-09-08 13:51:11,0,,0,,0.00800,,0.143,,5687,,2160,3840,16,0.563,,0,
2025-09-08 13:51:12,0,,0,,0.00800,,0.143,,5687,,2160,3840,16,0.563,,0,
2025-09-08 13:51:13,0,,0,,0.00800,,0.143,,5687,,2160,3840,16,0.563,,0,
2025-09-08 13:51:14,0,,0,,0.00800,,0.143,,5687,,2160,3840,16,0.563,,0,
2025-09-08 13:51:15,0,,0,,0.00800,,0.143,,5687,,2160,3840,16,0.563,,0,
2025-09-08 13:51:16,0,,0,,0.00800,,0.143,,5687,,2160,3840,16,0.563,,0,
2025-09-08 13:51:17,0,,0,,0.00800,,0.143,,5687,,2160,3840,16,0.563,,0,
2025-09-08 13:51:18,0,,0,,0.00800,,0.143,,5687,,2160,3840,16,0.563,,0,
2025-09-08 13:51:19,0,,0,,0.00800,,0.143,,5687,,2160,3840,16,0.563,,0,
2025-09-08 13:51:20,0,,0,,0.00800,,0.143,,5687,,2160,3840,16,0.563,,0,
2025-09-08 13:51:21,0,,0,,0.00800,,0.143,,5687,,2160,3840,16,0.563,,0,
2025-09-08 13:51:22,0,,0,,0.00800,,0.143,,5687,,2160,3840,16,0.563,,0,
2025-09-08 13:51:23,0,,0,,0.00800,,0.143,,5687,,2160,3840,16,0.563,,0,
2025-09-08 13:51:24,0,,0,,0.00800,,0.143,,5687,,2160,3840,16,0.563,,0,
2025-09-08 13:51:25,0,,0,,0.00800,,0.143,,5687,,2160,3840,16,0.563,,0,
2025-09-08 13:51:26,0,,0,,0.00800,,0.143,,5687,,2160,3840,16,0.563,,0,
2025-09-08 13:51:27,0,,0,,0.00800,,0.143,,5687,,2160,3840,16,0.563,,0,
2025-09-08 13:51:28,0,,0,,0.00800,,0.143,,5687,,2160,3840,16,0.563,,0,
2025-09-08 13:51:29,0,,0,,0.00800,,0.143,,5687,,2160,3840,16,0.563,,0,
2025-09-08 13:51:30,0,,0,,0.00800,,0.143,,5687,,2160,3840,16,0.563,,0,
2025-09-08 13:51:31,0,,0,,0.00800,,0.143,,5687,,2160,3840,16,0.563,,0,
2025-09-08 13:51:32,0,,0,,0.00800,,0.143,,5687,,2160,3840,16,0.563,,0,
2025-09-08 13:51:33,0,,0,,0.00800,,0.143,,5687,,2160,3840,16,0.563,,0,
2025-09-08 13:51:34,0,,0,,0.00800,,0.143,,5687,,2160,3840,16,0.563,,0,
2025-09-08 13:51:35,0,,0,,0.00800,,0.143,,5687,,2160,3840,16,0.563,,0,
2025-09-08 13:51:36,0,,0,,0.00800,,0.143,,5687,,2160,3840,16,0.563,,0,
2025-09-08 13:51:37,0,,0,,0.00800,,0.143,,5687,,2160,3840,16,0.563,,0,
2025-09-08 13:51:38,0,,0,,0.00800,,0.143,,5687,,2160,3840,16,0.563,,0,
2025-09-08 13:51:39,0,,0,,0.00800,,0.143,,5687,,2160,3840,16,0.563,,0,
2025-09-08 13:51:40,0,,0,,0.00800,,0.143,,5687,,2160,3840,16,0.563,,0,
2025-09-08 13:51:41,0,,0,,0.00800,,0.143,,5687,,2160,3840,16,0.563,,0,
2025-09-08 13:51:42,0,,0,,0.00800,,0.143,,5687,,2160,3840,16,0.563,,0,
2025-09-08 13:51:43,0,,0,,0.00800,,0.143,,5687,,2160,3840,16,0.563,,0,
2025-09-08 13:51:44,0,,0,,0.00800,,0.143,,5687,,2160,3840,16,0.563,,0,
2025-09-08 13:51:45,0,,0,,0.00800,,0.143,,5687,,2160,3840,16,0.563,,0,
2025-09-08 13:51:46,0,,0,,0.00800,,0.143,,5687,,2160,3840,16,0.563,,0,
2025-09-08 13:51:47,0,,0,,0.00800,,0.143,,5687,,2160,3840,16,0.563,,0,
2025-09-08 13:51:48,0,,0,,0.00800,,0.143,,5687,,2160,3840,16,0.563,,0,
2025-09-08 13:51:49,0,,0,,0.00800,,0.143,,5687,,2160,3840,16,0.563,,0,
2025-09-08 13:51:50,0,,0,,0.00800,,0.143,,5687,,2160,3840,16,0.563,,0,
2025-09-08 13:51:51,0,,0,,0.00800,,0.143,,5687,,2160,3840,16,0.563,,0,
2025-09-08 13:51:52,0,,0,,0.00800,,0.143,,5687,,2160,3840,16,0.563,,0,
2025-09-08 13:51:53,0,,0,,0.00800,,0.143,,5687,,2160,3840,16,0.563,,0,
2025-09-08 13:51:54,0,,0,,0.00800,,0.143,,5687,,2160,3840,16,0.563,,0,
2025-09-08 13:51:55,0,,0,,0.00800,,0.143,,5687,,2160,3840,16,0.563,,0,
2025-09-08 13:51:56,0,,0,,0.00800,,0.143,,5687,,2160,3840,16,0.563,,0,
2025-09-08 13:51:57,0,,0,,0.00800,,0.143,,5687,,2160,3840,16,0.563,,0,
2025-09-08 13:51:58,0,,0,,0.00800,,0.143,,5687,,2160,3840,16,0.563,,0,
2025-09-08 13:51:59,0,,0,,0.00800,,0.143,,5687,,2160,3840,16,0.563,,0,
2025-09-08 13:52:00,0,,0,,0.00800,,0.143,,5687,,2160,3840,16,0.563,,0,